<?xml version="1.0" encoding="UTF-8" standalone="no"?><Entities build="b414" majorVersion="8" minorVersion="5" modelPersistenceProviderPackage="PostgresPersistenceProviderPackage" revision="8" schemaVersion="1054" universal="password"><ApplicationKeys><ApplicationKey clientName="" description="Used for Testing purpose" documentationContent="" expirationDate="2021-04-10T03:35:00.000Z" homeMashup="" ipWhitelist="" keyId="9afb2c64-fe8c-4ade-bc05-3b0ca287bd48" lastModifiedDate="2020-11-04T12:46:02.775Z" name="ELGi.COMP.Test.AppKey" projectName="ELGi.comp.ELGiEcosystem.Project" tags="ELGiEcosystemTag:ELGiECoSystem" userNameReference="Administrator"><Owner name="Prasoon Kumar" type="User"/><avatar/><DesignTimePermissions><Create/><Read/><Update/><Delete/><Metadata/></DesignTimePermissions><RunTimePermissions/><VisibilityPermissions><Visibility/></VisibilityPermissions><ConfigurationTableDefinitions/><ConfigurationTables/><ConfigurationChanges><ConfigurationChange changeAction="CREATE" changeReason="header : name : updated, tags : updated, description : updated&#10;" timestamp="2020-08-14T05:37:00.803Z" user="prasoon"/><ConfigurationChange changeAction="MODIFY" changeReason="header : expirationDate : updated&#10;" timestamp="2020-08-14T05:39:28.314Z" user="prasoon"/><ConfigurationChange changeAction="CREATE" changeReason="" timestamp="2020-08-18T10:44:15.275Z" user="Prasoon Kumar"/><ConfigurationChange changeAction="CREATE" changeReason="" timestamp="2020-11-04T12:46:02.774Z" user="Prasoon Kumar"/></ConfigurationChanges></ApplicationKey><ApplicationKey clientName="" description="" documentationContent="" expirationDate="2020-08-11T03:35:00.000Z" homeMashup="" ipWhitelist="" keyId="a430e215-0b18-4cb8-bf40-6319709e00b1" lastModifiedDate="2020-11-04T12:46:02.778Z" name="ELGi.COMP.LN.AppKey" projectName="ELGi.comp.ELGiEcosystem.Project" tags="" userNameReference="Administrator"><Owner name="Prasoon Kumar" type="User"/><avatar/><DesignTimePermissions><Create/><Read/><Update/><Delete/><Metadata/></DesignTimePermissions><RunTimePermissions/><VisibilityPermissions><Visibility/></VisibilityPermissions><ConfigurationTableDefinitions/><ConfigurationTables/><ConfigurationChanges><ConfigurationChange changeAction="CREATE" changeReason="header : name : updated, userNameReference : updated&#10;" timestamp="2020-08-10T03:48:04.423Z" user="Prasoon Kumar"/><ConfigurationChange changeAction="MODIFY" changeReason="" timestamp="2020-08-10T03:48:56.267Z" user="Prasoon Kumar"/><ConfigurationChange changeAction="MODIFY" changeReason="header : expirationDate : updated&#10;" timestamp="2020-08-10T05:39:24.818Z" user="Prasoon Kumar"/><ConfigurationChange changeAction="MODIFY" changeReason="" timestamp="2020-09-04T08:12:57.467Z" user="Prasoon Kumar"/><ConfigurationChange changeAction="CREATE" changeReason="" timestamp="2020-11-04T12:46:02.778Z" user="Prasoon Kumar"/></ConfigurationChanges></ApplicationKey><ApplicationKey clientName="" description="" documentationContent="" expirationDate="2021-10-05T11:51:00.000Z" homeMashup="" ipWhitelist="" keyId="9d68710f-633c-4d39-ab0b-894049bb01d3" lastModifiedDate="2020-11-04T12:46:02.781Z" name="Admin_App_Key" projectName="ELGi.comp.ELGiEcosystem.Project" tags="" userNameReference="Administrator"><Owner name="Prasoon Kumar" type="User"/><avatar/><DesignTimePermissions><Create/><Read/><Update/><Delete/><Metadata/></DesignTimePermissions><RunTimePermissions/><VisibilityPermissions><Visibility/></VisibilityPermissions><ConfigurationTableDefinitions/><ConfigurationTables/><ConfigurationChanges><ConfigurationChange changeAction="CREATE" changeReason="header : name : updated, userNameReference : updated&#10;" timestamp="2020-09-07T11:51:16.223Z" user="Babu Jayabalan"/><ConfigurationChange changeAction="MODIFY" changeReason="ForceEdit" timestamp="2020-09-09T03:35:54.026Z" user="Prasoon Kumar"/><ConfigurationChange changeAction="MODIFY" changeReason="ForceEdit" timestamp="2020-09-09T03:36:11.339Z" user="Prasoon Kumar"/><ConfigurationChange changeAction="MODIFY" changeReason="header : expirationDate : updated&#10;" timestamp="2020-09-09T03:36:12.133Z" user="Prasoon Kumar"/><ConfigurationChange changeAction="MODIFY" changeReason="ForceEdit" timestamp="2020-09-09T03:37:52.664Z" user="Babu Jayabalan"/><ConfigurationChange changeAction="MODIFY" changeReason="header : projectName : updated&#10;" timestamp="2020-11-04T12:44:44.464Z" user="Prasoon Kumar"/><ConfigurationChange changeAction="CREATE" changeReason="" timestamp="2020-11-04T12:46:02.781Z" user="Prasoon Kumar"/></ConfigurationChanges></ApplicationKey><ApplicationKey clientName="" description="" documentationContent="" expirationDate="2021-03-01T03:47:00.000Z" homeMashup="" ipWhitelist="" keyId="760559d8-157a-40ff-b79b-ee92a84cf024" lastModifiedDate="2020-11-04T12:46:02.784Z" name="ELGi.COMP.CRM.AppKey" projectName="ELGi.comp.ELGiEcosystem.Project" tags="" userNameReference="Administrator"><Owner name="Prasoon Kumar" type="User"/><avatar/><DesignTimePermissions><Create/><Read/><Update/><Delete/><Metadata/></DesignTimePermissions><RunTimePermissions/><VisibilityPermissions><Visibility/></VisibilityPermissions><ConfigurationTableDefinitions/><ConfigurationTables/><ConfigurationChanges><ConfigurationChange changeAction="CREATE" changeReason="header : name : updated, userNameReference : updated&#10;" timestamp="2020-08-10T03:47:23.172Z" user="Prasoon Kumar"/><ConfigurationChange changeAction="MODIFY" changeReason="header : expirationDate : updated&#10;" timestamp="2020-08-10T05:40:04.078Z" user="Prasoon Kumar"/><ConfigurationChange changeAction="MODIFY" changeReason="header : projectName : updated&#10;" timestamp="2020-11-04T12:44:19.857Z" user="Prasoon Kumar"/><ConfigurationChange changeAction="CREATE" changeReason="" timestamp="2020-11-04T12:46:02.784Z" user="Prasoon Kumar"/></ConfigurationChanges></ApplicationKey></ApplicationKeys></Entities>