<?xml version="1.0" encoding="UTF-8" standalone="no"?><Entities build="b414" majorVersion="8" minorVersion="5" modelPersistenceProviderPackage="PostgresPersistenceProviderPackage" revision="8" schemaVersion="1054" universal="password"><Menus><Menu description="" documentationContent="" homeMashup="" imageURL="MonitoringUserIcon" lastModifiedDate="2020-11-19T09:22:45.961Z" menuLabel="" name="ELGi.COMP.MainMenuL1.Menu" projectName="ELGi.comp.ELGiEcosystem.Project" tags=""><Owner name="Prasoon Kumar" type="User"/><avatar/><DesignTimePermissions><Create/><Read/><Update/><Delete/><Metadata/></DesignTimePermissions><RunTimePermissions><Permissions resourceName="*"><PropertyRead><Principal isPermitted="true" name="Users" type="Group"/></PropertyRead><PropertyWrite/><ServiceInvoke><Principal isPermitted="true" name="Users" type="Group"/></ServiceInvoke><EventInvoke/><EventSubscribe/></Permissions></RunTimePermissions><VisibilityPermissions><Visibility><Principal isPermitted="true" name="ELGI_ORG" type="Organization"/></Visibility></VisibilityPermissions><ConfigurationTableDefinitions/><ConfigurationTables/><MenuItems><MenuItem description="" imageURL="LogSettingsIcon" isDefault="false" linkDestination="ELGi.COMP.UserSettings.MU" linkTarget="Self" linkType="Mashup" title="Settings"><GroupReferences><Members/></GroupReferences></MenuItem><MenuItem description="" imageURL="GeneralIcon" isDefault="false" linkDestination="ELGi.COMP.ReportsHomeL1.MU" linkTarget="Self" linkType="Mashup" title="Reports"><GroupReferences><Members/></GroupReferences></MenuItem><MenuItem description="" imageURL="LogSecurityIcon" isDefault="false" linkDestination="ELGI.COMP.ChangePassword.MU" linkTarget="Self" linkType="Mashup" title="Change Password"><GroupReferences><Members/></GroupReferences></MenuItem><MenuItem description="" imageURL="" isDefault="false" linkDestination="ELGi.COMP.Logout.MU" linkTarget="" linkType="Logout" title="Log Out"><GroupReferences><Members/></GroupReferences></MenuItem></MenuItems><GroupReferences><Members><Member name="Users" type="Group"/></Members></GroupReferences><effectiveMenu><DataShape><FieldDefinitions><FieldDefinition baseType="STRING" description="Description for tooltip" name="description" ordinal="0"/><FieldDefinition baseType="IMAGELINK" description="Optional image URL" name="imageURL" ordinal="0"/><FieldDefinition aspect.defaultValue="false" baseType="BOOLEAN" description="Is a default menu item" name="isDefault" ordinal="0"/><FieldDefinition aspect.isPrimaryKey="true" baseType="STRING" description="Link destination" name="linkDestination" ordinal="0"/><FieldDefinition baseType="STRING" description="Link target (Popup, Mashup, New)" name="linkTarget" ordinal="0"/><FieldDefinition aspect.isPrimaryKey="true" baseType="STRING" description="Link type (Mashup, Hyperlink, or Menu)" name="linkType" ordinal="0"/><FieldDefinition baseType="STRING" description="Menu entry id" name="menuId" ordinal="0"/><FieldDefinition baseType="STRING" description="Menu entry parent id" name="parentMenuId" ordinal="0"/><FieldDefinition baseType="STRING" description="Menu entry title" name="title" ordinal="0"/></FieldDefinitions></DataShape><Rows><Row><description/><imageURL><![CDATA[MonitoringUserIcon]]></imageURL><linkPriority>0.0</linkPriority><linkType><![CDATA[Menu]]></linkType><menuId><![CDATA[ELGi.COMP.MainMenuL1.Menu]]></menuId><parentMenuId/><title/></Row><Row><description/><imageURL><![CDATA[LogSettingsIcon]]></imageURL><isDefault>false</isDefault><linkDestination><![CDATA[ELGi.COMP.UserSettings.MU]]></linkDestination><linkTarget><![CDATA[Self]]></linkTarget><linkType><![CDATA[Mashup]]></linkType><menuId><![CDATA[ELGi.COMP.MainMenuL1.Menu_0]]></menuId><parentMenuId><![CDATA[ELGi.COMP.MainMenuL1.Menu]]></parentMenuId><title><![CDATA[Settings]]></title></Row><Row><description/><imageURL><![CDATA[GeneralIcon]]></imageURL><isDefault>false</isDefault><linkDestination><![CDATA[ELGi.COMP.ReportsHomeL1.MU]]></linkDestination><linkTarget><![CDATA[Self]]></linkTarget><linkType><![CDATA[Mashup]]></linkType><menuId><![CDATA[ELGi.COMP.MainMenuL1.Menu_1]]></menuId><parentMenuId><![CDATA[ELGi.COMP.MainMenuL1.Menu]]></parentMenuId><title><![CDATA[Reports]]></title></Row><Row><description/><imageURL><![CDATA[LogSecurityIcon]]></imageURL><isDefault>false</isDefault><linkDestination><![CDATA[ELGI.COMP.ChangePassword.MU]]></linkDestination><linkTarget><![CDATA[Self]]></linkTarget><linkType><![CDATA[Mashup]]></linkType><menuId><![CDATA[ELGi.COMP.MainMenuL1.Menu_2]]></menuId><parentMenuId><![CDATA[ELGi.COMP.MainMenuL1.Menu]]></parentMenuId><title><![CDATA[Change Password]]></title></Row><Row><description/><imageURL/><isDefault>false</isDefault><linkDestination><![CDATA[ELGi.COMP.Logout.MU]]></linkDestination><linkTarget/><linkType><![CDATA[Logout]]></linkType><menuId><![CDATA[ELGi.COMP.MainMenuL1.Menu_3]]></menuId><parentMenuId><![CDATA[ELGi.COMP.MainMenuL1.Menu]]></parentMenuId><title><![CDATA[Log Out]]></title></Row></Rows></effectiveMenu><ConfigurationChanges><ConfigurationChange changeAction="CREATE" changeReason="header : name : updated&#10;" timestamp="2020-11-19T09:20:37.148Z" user="Prasoon Kumar"/><ConfigurationChange changeAction="MODIFY" changeReason="" timestamp="2020-11-19T09:22:44.353Z" user="Prasoon Kumar"/></ConfigurationChanges></Menu><Menu description="" documentationContent="" homeMashup="" imageURL="MonitoringUserIcon" lastModifiedDate="2020-11-19T09:21:34.302Z" menuLabel="" name="ELGi.COMP.MainMenu.Menu" projectName="ELGi.comp.ELGiEcosystem.Project" tags=""><Owner name="Prasoon Kumar" type="User"/><avatar/><DesignTimePermissions><Create/><Read/><Update/><Delete/><Metadata/></DesignTimePermissions><RunTimePermissions><Permissions resourceName="*"><PropertyRead><Principal isPermitted="true" name="Users" type="Group"/></PropertyRead><PropertyWrite/><ServiceInvoke><Principal isPermitted="true" name="Users" type="Group"/></ServiceInvoke><EventInvoke/><EventSubscribe/></Permissions></RunTimePermissions><VisibilityPermissions><Visibility><Principal isPermitted="true" name="ELGI_ORG" type="Organization"/></Visibility></VisibilityPermissions><ConfigurationTableDefinitions/><ConfigurationTables/><MenuItems><MenuItem description="" imageURL="LogSettingsIcon" isDefault="false" linkDestination="ELGi.COMP.UserSettings.MU" linkTarget="Self" linkType="Mashup" title="Settings"><GroupReferences><Members/></GroupReferences></MenuItem><MenuItem description="" imageURL="GeneralIcon" isDefault="false" linkDestination="ELGi.COMP.ReportsHome.MU" linkTarget="Self" linkType="Mashup" title="Reports"><GroupReferences><Members/></GroupReferences></MenuItem><MenuItem description="" imageURL="" isDefault="false" linkDestination="ELGi.COMP.Logout.MU" linkTarget="" linkType="Logout" title="Log Out"><GroupReferences><Members/></GroupReferences></MenuItem></MenuItems><GroupReferences><Members><Member name="Users" type="Group"/></Members></GroupReferences><effectiveMenu><DataShape><FieldDefinitions><FieldDefinition baseType="STRING" description="Description for tooltip" name="description" ordinal="0"/><FieldDefinition baseType="IMAGELINK" description="Optional image URL" name="imageURL" ordinal="0"/><FieldDefinition aspect.defaultValue="false" baseType="BOOLEAN" description="Is a default menu item" name="isDefault" ordinal="0"/><FieldDefinition aspect.isPrimaryKey="true" baseType="STRING" description="Link destination" name="linkDestination" ordinal="0"/><FieldDefinition baseType="STRING" description="Link target (Popup, Mashup, New)" name="linkTarget" ordinal="0"/><FieldDefinition aspect.isPrimaryKey="true" baseType="STRING" description="Link type (Mashup, Hyperlink, or Menu)" name="linkType" ordinal="0"/><FieldDefinition baseType="STRING" description="Menu entry id" name="menuId" ordinal="0"/><FieldDefinition baseType="STRING" description="Menu entry parent id" name="parentMenuId" ordinal="0"/><FieldDefinition baseType="STRING" description="Menu entry title" name="title" ordinal="0"/></FieldDefinitions></DataShape><Rows><Row><description/><imageURL><![CDATA[MonitoringUserIcon]]></imageURL><linkPriority>0.0</linkPriority><linkType><![CDATA[Menu]]></linkType><menuId><![CDATA[ELGi.COMP.MainMenu.Menu]]></menuId><parentMenuId/><title/></Row><Row><description/><imageURL><![CDATA[LogSettingsIcon]]></imageURL><isDefault>false</isDefault><linkDestination><![CDATA[ELGi.COMP.UserSettings.MU]]></linkDestination><linkTarget><![CDATA[Self]]></linkTarget><linkType><![CDATA[Mashup]]></linkType><menuId><![CDATA[ELGi.COMP.MainMenu.Menu_0]]></menuId><parentMenuId><![CDATA[ELGi.COMP.MainMenu.Menu]]></parentMenuId><title><![CDATA[Settings]]></title></Row><Row><description/><imageURL><![CDATA[GeneralIcon]]></imageURL><isDefault>false</isDefault><linkDestination><![CDATA[ELGi.COMP.ReportsHome.MU]]></linkDestination><linkTarget><![CDATA[Self]]></linkTarget><linkType><![CDATA[Mashup]]></linkType><menuId><![CDATA[ELGi.COMP.MainMenu.Menu_1]]></menuId><parentMenuId><![CDATA[ELGi.COMP.MainMenu.Menu]]></parentMenuId><title><![CDATA[Reports]]></title></Row><Row><description/><imageURL/><isDefault>false</isDefault><linkDestination><![CDATA[ELGi.COMP.Logout.MU]]></linkDestination><linkTarget/><linkType><![CDATA[Logout]]></linkType><menuId><![CDATA[ELGi.COMP.MainMenu.Menu_2]]></menuId><parentMenuId><![CDATA[ELGi.COMP.MainMenu.Menu]]></parentMenuId><title><![CDATA[Log Out]]></title></Row></Rows></effectiveMenu><ConfigurationChanges><ConfigurationChange changeAction="CREATE" changeReason="header : name : updated&#10;" timestamp="2020-10-14T18:25:39.804Z" user="Prasoon Kumar"/><ConfigurationChange changeAction="MODIFY" changeReason="header : projectName : updated&#10;" timestamp="2020-10-14T18:25:46.436Z" user="Prasoon Kumar"/><ConfigurationChange changeAction="MODIFY" changeReason="" timestamp="2020-10-14T18:26:08.201Z" user="Prasoon Kumar"/><ConfigurationChange changeAction="MODIFY" changeReason="" timestamp="2020-10-14T18:26:27.627Z" user="Prasoon Kumar"/><ConfigurationChange changeAction="MODIFY" changeReason="" timestamp="2020-10-14T18:35:12.984Z" user="Prasoon Kumar"/><ConfigurationChange changeAction="CREATE" changeReason="" timestamp="2020-11-02T11:33:27.463Z" user="Prasoon Kumar"/><ConfigurationChange changeAction="MODIFY" changeReason="" timestamp="2020-11-02T11:37:01.089Z" user="Prasoon Kumar"/><ConfigurationChange changeAction="MODIFY" changeReason="" timestamp="2020-11-02T11:39:51.123Z" user="Prasoon Kumar"/><ConfigurationChange changeAction="MODIFY" changeReason="header : menuLabel : updated&#10;" timestamp="2020-11-02T11:46:29.023Z" user="Prasoon Kumar"/><ConfigurationChange changeAction="MODIFY" changeReason="header : menuLabel : updated&#10;" timestamp="2020-11-02T11:47:01.316Z" user="Prasoon Kumar"/><ConfigurationChange changeAction="MODIFY" changeReason="" timestamp="2020-11-02T11:47:31.352Z" user="Prasoon Kumar"/><ConfigurationChange changeAction="MODIFY" changeReason="" timestamp="2020-11-12T03:51:08.798Z" user="Prasoon Kumar"/><ConfigurationChange changeAction="MODIFY" changeReason="" timestamp="2020-11-12T04:02:11.216Z" user="Prasoon Kumar"/><ConfigurationChange changeAction="MODIFY" changeReason="" timestamp="2020-11-16T03:42:29.832Z" user="Prasoon Kumar"/><ConfigurationChange changeAction="MODIFY" changeReason="" timestamp="2020-11-16T03:42:35.198Z" user="Prasoon Kumar"/><ConfigurationChange changeAction="MODIFY" changeReason="" timestamp="2020-11-19T09:21:20.209Z" user="Prasoon Kumar"/></ConfigurationChanges></Menu><Menu description="" documentationContent="" homeMashup="" imageURL="MonitoringUserIcon" lastModifiedDate="2020-11-12T04:01:46.096Z" menuLabel="" name="ELGi.COMP.ParentMenu.Menu" projectName="ELGi.comp.ELGiEcosystem.Project" tags=""><Owner name="Prasoon Kumar" type="User"/><avatar/><DesignTimePermissions><Create/><Read/><Update/><Delete/><Metadata/></DesignTimePermissions><RunTimePermissions><Permissions resourceName="*"><PropertyRead><Principal isPermitted="true" name="Users" type="Group"/></PropertyRead><PropertyWrite/><ServiceInvoke><Principal isPermitted="true" name="Users" type="Group"/></ServiceInvoke><EventInvoke/><EventSubscribe/></Permissions></RunTimePermissions><VisibilityPermissions><Visibility><Principal isPermitted="true" name="ELGI_ORG" type="Organization"/></Visibility></VisibilityPermissions><ConfigurationTableDefinitions/><ConfigurationTables/><MenuItems><MenuItem description="" imageURL="" isDefault="true" linkDestination="" linkTarget="ELGi.COMP.MainMenu.Menu" linkType="Menu" title=""><GroupReferences><Members/></GroupReferences></MenuItem></MenuItems><GroupReferences><Members><Member name="Users" type="Group"/></Members></GroupReferences><effectiveMenu><DataShape><FieldDefinitions><FieldDefinition baseType="STRING" description="Description for tooltip" name="description" ordinal="0"/><FieldDefinition baseType="IMAGELINK" description="Optional image URL" name="imageURL" ordinal="0"/><FieldDefinition aspect.defaultValue="false" baseType="BOOLEAN" description="Is a default menu item" name="isDefault" ordinal="0"/><FieldDefinition aspect.isPrimaryKey="true" baseType="STRING" description="Link destination" name="linkDestination" ordinal="0"/><FieldDefinition baseType="STRING" description="Link target (Popup, Mashup, New)" name="linkTarget" ordinal="0"/><FieldDefinition aspect.isPrimaryKey="true" baseType="STRING" description="Link type (Mashup, Hyperlink, or Menu)" name="linkType" ordinal="0"/><FieldDefinition baseType="STRING" description="Menu entry id" name="menuId" ordinal="0"/><FieldDefinition baseType="STRING" description="Menu entry parent id" name="parentMenuId" ordinal="0"/><FieldDefinition baseType="STRING" description="Menu entry title" name="title" ordinal="0"/></FieldDefinitions></DataShape><Rows><Row><description/><imageURL><![CDATA[MonitoringUserIcon]]></imageURL><linkPriority>0.0</linkPriority><linkType><![CDATA[Menu]]></linkType><menuId><![CDATA[ELGi.COMP.ParentMenu.Menu]]></menuId><parentMenuId/><title/></Row><Row><description/><imageURL><![CDATA[MonitoringUserIcon]]></imageURL><linkPriority>0.0</linkPriority><linkType><![CDATA[Menu]]></linkType><menuId><![CDATA[ELGi.COMP.ParentMenu.Menu.ELGi.COMP.MainMenu.Menu]]></menuId><parentMenuId><![CDATA[ELGi.COMP.ParentMenu.Menu]]></parentMenuId><title/></Row><Row><description/><imageURL><![CDATA[LogSettingsIcon]]></imageURL><isDefault>false</isDefault><linkDestination><![CDATA[ELGi.COMP.UserSettings.MU]]></linkDestination><linkTarget><![CDATA[Self]]></linkTarget><linkType><![CDATA[Mashup]]></linkType><menuId><![CDATA[ELGi.COMP.ParentMenu.Menu.ELGi.COMP.MainMenu.Menu_0]]></menuId><parentMenuId><![CDATA[ELGi.COMP.ParentMenu.Menu.ELGi.COMP.MainMenu.Menu]]></parentMenuId><title><![CDATA[Settings]]></title></Row><Row><description/><imageURL><![CDATA[GeneralIcon]]></imageURL><isDefault>false</isDefault><linkDestination><![CDATA[ELGi.COMP.ReportsHome.MU]]></linkDestination><linkTarget><![CDATA[Self]]></linkTarget><linkType><![CDATA[Mashup]]></linkType><menuId><![CDATA[ELGi.COMP.ParentMenu.Menu.ELGi.COMP.MainMenu.Menu_1]]></menuId><parentMenuId><![CDATA[ELGi.COMP.ParentMenu.Menu.ELGi.COMP.MainMenu.Menu]]></parentMenuId><title><![CDATA[Reports]]></title></Row><Row><description/><imageURL/><isDefault>false</isDefault><linkDestination><![CDATA[ELGi.COMP.Logout.MU]]></linkDestination><linkTarget/><linkType><![CDATA[Logout]]></linkType><menuId><![CDATA[ELGi.COMP.ParentMenu.Menu.ELGi.COMP.MainMenu.Menu_2]]></menuId><parentMenuId><![CDATA[ELGi.COMP.ParentMenu.Menu.ELGi.COMP.MainMenu.Menu]]></parentMenuId><title><![CDATA[Log Out]]></title></Row></Rows></effectiveMenu><ConfigurationChanges><ConfigurationChange changeAction="CREATE" changeReason="header : name : updated&#10;" timestamp="2020-10-14T18:27:20.895Z" user="Prasoon Kumar"/><ConfigurationChange changeAction="MODIFY" changeReason="" timestamp="2020-10-14T18:27:44.522Z" user="Prasoon Kumar"/><ConfigurationChange changeAction="MODIFY" changeReason="" timestamp="2020-10-14T18:28:06.713Z" user="Prasoon Kumar"/><ConfigurationChange changeAction="CREATE" changeReason="" timestamp="2020-11-02T11:33:33.934Z" user="Prasoon Kumar"/><ConfigurationChange changeAction="MODIFY" changeReason="" timestamp="2020-11-02T11:44:33.506Z" user="Prasoon Kumar"/><ConfigurationChange changeAction="MODIFY" changeReason="" timestamp="2020-11-12T04:01:46.096Z" user="Prasoon Kumar"/></ConfigurationChanges></Menu><Menu description="" documentationContent="" homeMashup="" imageURL="MonitoringUserIcon" lastModifiedDate="2020-11-19T09:20:57.623Z" menuLabel="" name="ELGi.COMP.ParentMenuL1.Menu" projectName="ELGi.comp.ELGiEcosystem.Project" tags=""><Owner name="Prasoon Kumar" type="User"/><avatar/><DesignTimePermissions><Create/><Read/><Update/><Delete/><Metadata/></DesignTimePermissions><RunTimePermissions><Permissions resourceName="*"><PropertyRead><Principal isPermitted="true" name="Users" type="Group"/></PropertyRead><PropertyWrite/><ServiceInvoke><Principal isPermitted="true" name="Users" type="Group"/></ServiceInvoke><EventInvoke/><EventSubscribe/></Permissions></RunTimePermissions><VisibilityPermissions><Visibility><Principal isPermitted="true" name="ELGI_ORG" type="Organization"/></Visibility></VisibilityPermissions><ConfigurationTableDefinitions/><ConfigurationTables/><MenuItems><MenuItem description="" imageURL="" isDefault="true" linkDestination="" linkTarget="ELGi.COMP.MainMenuL1.Menu" linkType="Menu" title=""><GroupReferences><Members/></GroupReferences></MenuItem></MenuItems><GroupReferences><Members><Member name="Users" type="Group"/></Members></GroupReferences><effectiveMenu><DataShape><FieldDefinitions><FieldDefinition baseType="STRING" description="Description for tooltip" name="description" ordinal="0"/><FieldDefinition baseType="IMAGELINK" description="Optional image URL" name="imageURL" ordinal="0"/><FieldDefinition aspect.defaultValue="false" baseType="BOOLEAN" description="Is a default menu item" name="isDefault" ordinal="0"/><FieldDefinition aspect.isPrimaryKey="true" baseType="STRING" description="Link destination" name="linkDestination" ordinal="0"/><FieldDefinition baseType="STRING" description="Link target (Popup, Mashup, New)" name="linkTarget" ordinal="0"/><FieldDefinition aspect.isPrimaryKey="true" baseType="STRING" description="Link type (Mashup, Hyperlink, or Menu)" name="linkType" ordinal="0"/><FieldDefinition baseType="STRING" description="Menu entry id" name="menuId" ordinal="0"/><FieldDefinition baseType="STRING" description="Menu entry parent id" name="parentMenuId" ordinal="0"/><FieldDefinition baseType="STRING" description="Menu entry title" name="title" ordinal="0"/></FieldDefinitions></DataShape><Rows><Row><description/><imageURL><![CDATA[MonitoringUserIcon]]></imageURL><linkPriority>0.0</linkPriority><linkType><![CDATA[Menu]]></linkType><menuId><![CDATA[ELGi.COMP.ParentMenuL1.Menu]]></menuId><parentMenuId/><title/></Row><Row><description/><imageURL><![CDATA[MonitoringUserIcon]]></imageURL><linkPriority>0.0</linkPriority><linkType><![CDATA[Menu]]></linkType><menuId><![CDATA[ELGi.COMP.ParentMenuL1.Menu.ELGi.COMP.MainMenuL1.Menu]]></menuId><parentMenuId><![CDATA[ELGi.COMP.ParentMenuL1.Menu]]></parentMenuId><title/></Row><Row><description/><imageURL><![CDATA[LogSettingsIcon]]></imageURL><isDefault>false</isDefault><linkDestination><![CDATA[ELGi.COMP.UserSettings.MU]]></linkDestination><linkTarget><![CDATA[Self]]></linkTarget><linkType><![CDATA[Mashup]]></linkType><menuId><![CDATA[ELGi.COMP.ParentMenuL1.Menu.ELGi.COMP.MainMenuL1.Menu_0]]></menuId><parentMenuId><![CDATA[ELGi.COMP.ParentMenuL1.Menu.ELGi.COMP.MainMenuL1.Menu]]></parentMenuId><title><![CDATA[Settings]]></title></Row><Row><description/><imageURL><![CDATA[GeneralIcon]]></imageURL><isDefault>false</isDefault><linkDestination><![CDATA[ELGi.COMP.ReportsHomeL1.MU]]></linkDestination><linkTarget><![CDATA[Self]]></linkTarget><linkType><![CDATA[Mashup]]></linkType><menuId><![CDATA[ELGi.COMP.ParentMenuL1.Menu.ELGi.COMP.MainMenuL1.Menu_1]]></menuId><parentMenuId><![CDATA[ELGi.COMP.ParentMenuL1.Menu.ELGi.COMP.MainMenuL1.Menu]]></parentMenuId><title><![CDATA[Reports]]></title></Row><Row><description/><imageURL><![CDATA[LogSecurityIcon]]></imageURL><isDefault>false</isDefault><linkDestination><![CDATA[ELGI.COMP.ChangePassword.MU]]></linkDestination><linkTarget><![CDATA[Self]]></linkTarget><linkType><![CDATA[Mashup]]></linkType><menuId><![CDATA[ELGi.COMP.ParentMenuL1.Menu.ELGi.COMP.MainMenuL1.Menu_2]]></menuId><parentMenuId><![CDATA[ELGi.COMP.ParentMenuL1.Menu.ELGi.COMP.MainMenuL1.Menu]]></parentMenuId><title><![CDATA[Change Password]]></title></Row><Row><description/><imageURL/><isDefault>false</isDefault><linkDestination><![CDATA[ELGi.COMP.Logout.MU]]></linkDestination><linkTarget/><linkType><![CDATA[Logout]]></linkType><menuId><![CDATA[ELGi.COMP.ParentMenuL1.Menu.ELGi.COMP.MainMenuL1.Menu_3]]></menuId><parentMenuId><![CDATA[ELGi.COMP.ParentMenuL1.Menu.ELGi.COMP.MainMenuL1.Menu]]></parentMenuId><title><![CDATA[Log Out]]></title></Row></Rows></effectiveMenu><ConfigurationChanges><ConfigurationChange changeAction="CREATE" changeReason="header : name : updated&#10;" timestamp="2020-11-19T09:19:49.701Z" user="Prasoon Kumar"/><ConfigurationChange changeAction="MODIFY" changeReason="" timestamp="2020-11-19T09:20:57.623Z" user="Prasoon Kumar"/></ConfigurationChanges></Menu></Menus></Entities>