<?xml version="1.0" encoding="UTF-8" standalone="no"?><Entities build="b414" majorVersion="8" minorVersion="5" modelPersistenceProviderPackage="PostgresPersistenceProviderPackage" revision="8" schemaVersion="1054" universal="password"><Projects><Project artifactId="" dependsOn="{&quot;extensions&quot;:&quot;&quot;,&quot;projects&quot;:&quot;&quot;}" description="All entities in Air Alert are part of this Project" documentationContent="" groupId="" homeMashup="" lastModifiedDate="2020-11-02T10:27:23.842Z" minPlatformVersion="" name="ELGi.comp.ELGiEcosystem.Project" packageVersion="1.0.0" projectName="ELGi.comp.ELGiEcosystem.Project" publishResult="" state="DRAFT" tags=""><Owner name="Prasoon Kumar" type="User"/><avatar/><DesignTimePermissions><Create/><Read/><Update/><Delete/><Metadata/></DesignTimePermissions><RunTimePermissions/><VisibilityPermissions><Visibility/></VisibilityPermissions><ConfigurationTableDefinitions/><ConfigurationTables/><ConfigurationChanges><ConfigurationChange changeAction="CREATE" changeReason="header : name : updated, description : updated&#10;" timestamp="2020-11-02T10:27:23.842Z" user="Prasoon Kumar"/></ConfigurationChanges></Project></Projects></Entities>