<?xml version="1.0" encoding="UTF-8" standalone="no"?><Entities build="b414" majorVersion="8" minorVersion="5" modelPersistenceProviderPackage="PostgresPersistenceProviderPackage" revision="8" schemaVersion="1054" universal="password"><StateDefinitions><StateDefinition description="" documentationContent="" homeMashup="" lastModifiedDate="2020-10-29T09:27:58.151Z" name="ELGi.COMP.WarrantyStatus.StateDef" projectName="ELGi.comp.ELGiEcosystem.Project" tags="ELGiEcosystemTag:ELGiECoSystem"><Owner name="Prasoon Kumar" type="User"/><avatar/><DesignTimePermissions><Create/><Read/><Update/><Delete/><Metadata/></DesignTimePermissions><RunTimePermissions/><VisibilityPermissions><Visibility/></VisibilityPermissions><ConfigurationTableDefinitions/><ConfigurationTables/><content><![CDATA[{
  "stateDefinitions" : [ {
    "defaultValue" : "IN WARRANTY",
    "description" : "",
    "displayString" : "IN WARRANTY",
    "name" : ""
  }, {
    "defaultStyleDefinition" : "",
    "defaultValue" : "WARRANTY EXPIRED",
    "description" : "",
    "displayString" : "WARRANTY EXPIRED",
    "name" : ""
  }, {
    "description" : "",
    "displayString" : "ALL",
    "name" : ""
  } ],
  "stateType" : "string"
}]]></content><ConfigurationChanges><ConfigurationChange changeAction="CREATE" changeReason="" timestamp="2020-09-04T08:12:55.452Z" user="Prasoon Kumar"/><ConfigurationChange changeAction="CREATE" changeReason="" timestamp="2020-10-29T09:27:58.151Z" user="Prasoon Kumar"/></ConfigurationChanges></StateDefinition><StateDefinition description="" documentationContent="" homeMashup="" lastModifiedDate="2020-10-29T09:27:58.155Z" name="ELGi.COMP.OnTimeService.StateDef" projectName="ELGi.comp.ELGiEcosystem.Project" tags="ELGiEcosystemTag:ELGiECoSystem"><Owner name="Prasoon Kumar" type="User"/><avatar/><DesignTimePermissions><Create/><Read/><Update/><Delete/><Metadata/></DesignTimePermissions><RunTimePermissions/><VisibilityPermissions><Visibility/></VisibilityPermissions><ConfigurationTableDefinitions/><ConfigurationTables/><content><![CDATA[{
  "stateDefinitions" : [ {
    "defaultStyleDefinition" : "",
    "defaultValue" : "ALL",
    "description" : "",
    "displayString" : "ALL",
    "name" : ""
  }, {
    "defaultValue" : "ONTIME",
    "description" : "",
    "displayString" : "ON TIME",
    "name" : ""
  }, {
    "defaultStyleDefinition" : "",
    "defaultValue" : "LT200OVERDUE",
    "description" : "",
    "displayString" : "Overdue Less Than 200 Hrs.",
    "name" : ""
  }, {
    "defaultStyleDefinition" : "",
    "defaultValue" : "GT200OVERDUE",
    "description" : "",
    "displayString" : "Overdue Greater Than 200 Hrs.",
    "name" : ""
  }, {
    "description" : "",
    "displayString" : "ALL",
    "name" : ""
  } ],
  "stateType" : "string"
}]]></content><ConfigurationChanges><ConfigurationChange changeAction="CREATE" changeReason="header : name : updated&#10;" timestamp="2020-09-06T04:42:51.303Z" user="Prasoon Kumar"/><ConfigurationChange changeAction="MODIFY" changeReason="states : 100TO80FIXEDCOMPUTIL : updated, LT60FIXEDCOMPUTIL : updated, 80TO60FIXEDCOMPUTIL : updated, LT200OVERDUE : updated, GT200OVERDUE : updated&#10;" timestamp="2020-09-06T04:45:23.788Z" user="Prasoon Kumar"/><ConfigurationChange changeAction="CREATE" changeReason="" timestamp="2020-10-29T09:27:58.155Z" user="Prasoon Kumar"/></ConfigurationChanges></StateDefinition><StateDefinition description="" documentationContent="" homeMashup="" lastModifiedDate="2020-10-29T09:27:58.161Z" name="ELGi.COMP.ProductList.StateDef" projectName="ELGi.comp.ELGiEcosystem.Project" tags="ELGiEcosystemTag:ELGiECoSystem"><Owner name="Prasoon Kumar" type="User"/><avatar/><DesignTimePermissions><Create/><Read/><Update/><Delete/><Metadata/></DesignTimePermissions><RunTimePermissions/><VisibilityPermissions><Visibility/></VisibilityPermissions><ConfigurationTableDefinitions/><ConfigurationTables/><content><![CDATA[{
  "stateDefinitions" : [ {
    "defaultValue" : "ALL",
    "description" : "",
    "displayString" : "ALL",
    "name" : ""
  }, {
    "defaultStyleDefinition" : "",
    "defaultValue" : "EPSAC",
    "description" : "",
    "displayString" : "EG",
    "name" : ""
  }, {
    "defaultStyleDefinition" : "",
    "defaultValue" : "AB",
    "description" : "",
    "displayString" : "AB",
    "name" : ""
  }, {
    "defaultStyleDefinition" : "",
    "defaultValue" : "OFSAC",
    "description" : "",
    "displayString" : "OF",
    "name" : ""
  }, {
    "description" : "",
    "displayString" : "ALL",
    "name" : ""
  } ],
  "stateType" : "string"
}]]></content><ConfigurationChanges><ConfigurationChange changeAction="CREATE" changeReason="" timestamp="2020-09-04T08:12:55.448Z" user="Prasoon Kumar"/><ConfigurationChange changeAction="MODIFY" changeReason="states : EG : updated, OF : updated&#10;" timestamp="2020-09-24T04:32:42.479Z" user="Prasoon Kumar"/><ConfigurationChange changeAction="CREATE" changeReason="" timestamp="2020-10-29T09:27:58.161Z" user="Prasoon Kumar"/></ConfigurationChanges></StateDefinition><StateDefinition description="" documentationContent="" homeMashup="" lastModifiedDate="2020-10-29T09:27:58.168Z" name="ELGi.COMP.FirmwareStatus.StateDef" projectName="ELGi.comp.ELGiEcosystem.Project" tags="ELGi.comp.ELGiEcosystem.MTag:ELGiEcosystem"><Owner name="Prasoon Kumar" type="User"/><avatar/><DesignTimePermissions><Create/><Read/><Update/><Delete/><Metadata/></DesignTimePermissions><RunTimePermissions/><VisibilityPermissions><Visibility/></VisibilityPermissions><ConfigurationTableDefinitions/><ConfigurationTables/><content><![CDATA[{
  "stateDefinitions" : [ {
    "defaultStyleDefinition" : "ELGi.COMP.RedText.StyleDef",
    "defaultValue" : "PENDING",
    "description" : "",
    "displayString" : "PENDING",
    "name" : ""
  }, {
    "defaultStyleDefinition" : "ELGi.COMP.GreenText.StyleDef",
    "defaultValue" : "UPDATED",
    "description" : "",
    "displayString" : "UPDATED",
    "name" : ""
  }, {
    "defaultStyleDefinition" : "",
    "description" : "",
    "displayString" : "",
    "name" : ""
  } ],
  "stateType" : "string"
}]]></content><ConfigurationChanges><ConfigurationChange changeAction="CREATE" changeReason="header : name : updated&#10;" timestamp="2020-09-06T04:03:26.647Z" user="Prasoon Kumar"/><ConfigurationChange changeAction="MODIFY" changeReason="" timestamp="2020-09-06T04:03:55.325Z" user="Prasoon Kumar"/><ConfigurationChange changeAction="CREATE" changeReason="" timestamp="2020-10-29T09:27:58.168Z" user="Prasoon Kumar"/></ConfigurationChanges></StateDefinition><StateDefinition description="" documentationContent="" homeMashup="" lastModifiedDate="2020-10-29T09:27:58.145Z" name="ELGi.COMP.Consumables.StateDef" projectName="ELGi.comp.ELGiEcosystem.Project" tags="ELGiEcosystemTag:ELGiECoSystem"><Owner name="Prasoon Kumar" type="User"/><avatar/><DesignTimePermissions><Create/><Read/><Update/><Delete/><Metadata/></DesignTimePermissions><RunTimePermissions/><VisibilityPermissions><Visibility/></VisibilityPermissions><ConfigurationTableDefinitions/><ConfigurationTables/><content><![CDATA[{
  "stateDefinitions" : [ {
    "defaultStyleDefinition" : "",
    "defaultValue" : "ALL",
    "description" : "",
    "displayString" : "ALL",
    "name" : ""
  }, {
    "defaultValue" : "CURRENT",
    "description" : "",
    "displayString" : "CURRENT",
    "name" : ""
  }, {
    "defaultStyleDefinition" : "",
    "defaultValue" : "NEXT30DAYS",
    "description" : "",
    "displayString" : "NEXT 30 DAYS",
    "name" : ""
  }, {
    "defaultStyleDefinition" : "",
    "defaultValue" : "NEXT60DAYS",
    "description" : "",
    "displayString" : "NEXT 60 DAYS",
    "name" : ""
  }, {
    "description" : "",
    "displayString" : "ALL",
    "name" : ""
  } ],
  "stateType" : "string"
}]]></content><ConfigurationChanges><ConfigurationChange changeAction="CREATE" changeReason="header : name : updated&#10;states : ONTIME : updated, LT200OVERDUE : updated, GT200OVERDUE : updated&#10;" timestamp="2020-10-12T09:50:13.184Z" user="Prasoon Kumar"/><ConfigurationChange changeAction="MODIFY" changeReason="states : NEXT 60 DAYS : updated, NEXT30DAYS : updated&#10;" timestamp="2020-10-12T12:11:02.165Z" user="Prasoon Kumar"/><ConfigurationChange changeAction="CREATE" changeReason="" timestamp="2020-10-29T09:27:58.145Z" user="Prasoon Kumar"/></ConfigurationChanges></StateDefinition><StateDefinition description="" documentationContent="" homeMashup="" lastModifiedDate="2020-10-29T09:27:58.160Z" name="ELGi.COMP.Commisioned.StateDef" projectName="ELGi.comp.ELGiEcosystem.Project" tags="ELGiEcosystemTag:ELGiECoSystem"><Owner name="Prasoon Kumar" type="User"/><avatar/><DesignTimePermissions><Create/><Read/><Update/><Delete/><Metadata/></DesignTimePermissions><RunTimePermissions/><VisibilityPermissions><Visibility/></VisibilityPermissions><ConfigurationTableDefinitions/><ConfigurationTables/><content><![CDATA[{
  "stateDefinitions" : [ {
    "defaultStyleDefinition" : "",
    "defaultValue" : "ALL",
    "description" : "",
    "displayString" : "ALL",
    "name" : ""
  }, {
    "defaultValue" : "FACTORY FIT",
    "description" : "",
    "displayString" : "FACTORY FIT",
    "name" : ""
  }, {
    "defaultStyleDefinition" : "",
    "defaultValue" : "RETROFIT",
    "description" : "",
    "displayString" : "RETROFIT",
    "name" : ""
  }, {
    "description" : "",
    "displayString" : "ALL",
    "name" : ""
  } ],
  "stateType" : "string"
}]]></content><ConfigurationChanges><ConfigurationChange changeAction="CREATE" changeReason="" timestamp="2020-09-04T08:12:55.444Z" user="Prasoon Kumar"/><ConfigurationChange changeAction="MODIFY" changeReason="states : New String/Value State Definition : added&#10;" timestamp="2020-10-19T09:52:38.323Z" user="Prasoon Kumar"/><ConfigurationChange changeAction="CREATE" changeReason="" timestamp="2020-10-29T09:27:58.160Z" user="Prasoon Kumar"/></ConfigurationChanges></StateDefinition><StateDefinition description="" documentationContent="" homeMashup="" lastModifiedDate="2020-10-29T09:27:58.163Z" name="ELGi.COMP.RunningStatus.StateDef" projectName="ELGi.comp.ELGiEcosystem.Project" tags=""><Owner name="Prasoon Kumar" type="User"/><avatar/><DesignTimePermissions><Create/><Read/><Update/><Delete/><Metadata/></DesignTimePermissions><RunTimePermissions/><VisibilityPermissions><Visibility/></VisibilityPermissions><ConfigurationTableDefinitions/><ConfigurationTables/><content><![CDATA[{
  "stateDefinitions" : [ {
    "defaultStyleDefinition" : "ELGi.COMP.RedText.StyleDef",
    "defaultValue" : "TRIPPED",
    "description" : "",
    "displayString" : "TRIPPED",
    "name" : ""
  }, {
    "defaultStyleDefinition" : "ELGi.COMP.OrangeText.StyleDef",
    "defaultValue" : "STOPPED",
    "description" : "",
    "displayString" : "STOPPED",
    "name" : ""
  }, {
    "defaultStyleDefinition" : "ELGi.COMP.GreenText.StyleDef",
    "defaultValue" : "READY",
    "description" : "",
    "displayString" : "READY",
    "name" : ""
  }, {
    "defaultStyleDefinition" : "ELGi.COMP.GreenText.StyleDef",
    "defaultValue" : "STAR",
    "description" : "",
    "displayString" : "STAR",
    "name" : ""
  }, {
    "defaultStyleDefinition" : "ELGi.COMP.GreenText.StyleDef",
    "defaultValue" : "RUN",
    "description" : "",
    "displayString" : "RUN",
    "name" : ""
  }, {
    "defaultStyleDefinition" : "ELGi.COMP.GreenText.StyleDef",
    "defaultValue" : "RUN LOAD",
    "description" : "",
    "displayString" : "RUN LOAD",
    "name" : ""
  }, {
    "defaultStyleDefinition" : "ELGi.COMP.GreenText.StyleDef",
    "defaultValue" : "RUN UNLOAD",
    "description" : "",
    "displayString" : "RUN UNLOAD",
    "name" : ""
  }, {
    "defaultStyleDefinition" : "ELGi.COMP.GreenText.StyleDef",
    "defaultValue" : "IDLE",
    "description" : "",
    "displayString" : "IDLE",
    "name" : ""
  }, {
    "defaultStyleDefinition" : "ELGi.COMP.GreenText.StyleDef",
    "defaultValue" : "START INHIBIT",
    "description" : "",
    "displayString" : "START INHIBIT",
    "name" : ""
  }, {
    "defaultStyleDefinition" : "ELGi.COMP.GreenText.StyleDef",
    "defaultValue" : "START ACK WAIT",
    "description" : "",
    "displayString" : "START ACK WAIT",
    "name" : ""
  }, {
    "defaultStyleDefinition" : "ELGi.COMP.GreenText.StyleDef",
    "defaultValue" : "STANDBY",
    "description" : "",
    "displayString" : "STANDBY",
    "name" : ""
  }, {
    "defaultStyleDefinition" : "ELGi.COMP.GreenText.StyleDef",
    "defaultValue" : "TEMP. INHIBIT",
    "description" : "",
    "displayString" : "TEMP. INHIBIT",
    "name" : ""
  }, {
    "defaultStyleDefinition" : "",
    "description" : "",
    "displayString" : "",
    "name" : ""
  } ],
  "stateType" : "string"
}]]></content><ConfigurationChanges><ConfigurationChange changeAction="CREATE" changeReason="header : name : updated&#10;" timestamp="2020-09-04T15:04:07.661Z" user="Prasoon Kumar"/><ConfigurationChange changeAction="MODIFY" changeReason="header : projectName : updated&#10;" timestamp="2020-09-04T15:04:41.687Z" user="Prasoon Kumar"/><ConfigurationChange changeAction="MODIFY" changeReason="states : New String/Value State Definition : added&#10;" timestamp="2020-09-04T15:05:24.540Z" user="Prasoon Kumar"/><ConfigurationChange changeAction="MODIFY" changeReason="states : TRIPPED : updated, STOPPED : updated, RUNNING : updated, Default : updated&#10;" timestamp="2020-09-04T15:08:43.468Z" user="Prasoon Kumar"/><ConfigurationChange changeAction="MODIFY" changeReason="states : RUNNING : updated, New String/Value State Definition : added&#10;" timestamp="2020-09-21T05:02:03.116Z" user="Prasoon Kumar"/><ConfigurationChange changeAction="CREATE" changeReason="" timestamp="2020-10-29T09:27:58.163Z" user="Prasoon Kumar"/></ConfigurationChanges></StateDefinition><StateDefinition description="" documentationContent="" homeMashup="" lastModifiedDate="2020-10-29T09:27:58.165Z" name="ELGi.COMP.FixedSpeedCompStatus.StateDef" projectName="ELGi.comp.ELGiEcosystem.Project" tags=""><Owner name="Prasoon Kumar" type="User"/><avatar/><DesignTimePermissions><Create/><Read/><Update/><Delete/><Metadata/></DesignTimePermissions><RunTimePermissions/><VisibilityPermissions><Visibility/></VisibilityPermissions><ConfigurationTableDefinitions/><ConfigurationTables/><content><![CDATA[{
  "stateDefinitions" : [ {
    "defaultStyleDefinition" : "ELGi.COMP.RedText.StyleDef",
    "defaultValue" : "LESS THAN 60% UTIL.",
    "description" : "",
    "displayString" : "LESS THAN 60% UTIL.",
    "name" : ""
  }, {
    "defaultStyleDefinition" : "ELGi.COMP.OrangeText.StyleDef",
    "defaultValue" : "80-60% UTIL.",
    "description" : "",
    "displayString" : "80-60% UTIL.",
    "name" : ""
  }, {
    "defaultStyleDefinition" : "ELGi.COMP.GreenText.StyleDef",
    "defaultValue" : "100-80% UTIL.",
    "description" : "",
    "displayString" : "100-80% UTIL.",
    "name" : ""
  }, {
    "defaultStyleDefinition" : "",
    "description" : "",
    "displayString" : "",
    "name" : ""
  } ],
  "stateType" : "string"
}]]></content><ConfigurationChanges><ConfigurationChange changeAction="CREATE" changeReason="header : name : updated&#10;" timestamp="2020-09-05T15:23:16.540Z" user="Prasoon Kumar"/><ConfigurationChange changeAction="MODIFY" changeReason="states : OVERDUE : updated, DUE SOON : updated&#10;" timestamp="2020-09-05T15:26:36.088Z" user="Prasoon Kumar"/><ConfigurationChange changeAction="MODIFY" changeReason="" timestamp="2020-09-07T11:57:04.231Z" user="Prasoon Kumar"/><ConfigurationChange changeAction="CREATE" changeReason="" timestamp="2020-10-29T09:27:58.165Z" user="Prasoon Kumar"/></ConfigurationChanges></StateDefinition><StateDefinition description="" documentationContent="" homeMashup="" lastModifiedDate="2020-10-29T09:27:58.153Z" name="ELGi.COMP.VarSpeedUtil.StateDef" projectName="ELGi.comp.ELGiEcosystem.Project" tags="ELGiEcosystemTag:ELGiECoSystem"><Owner name="Prasoon Kumar" type="User"/><avatar/><DesignTimePermissions><Create/><Read/><Update/><Delete/><Metadata/></DesignTimePermissions><RunTimePermissions/><VisibilityPermissions><Visibility/></VisibilityPermissions><ConfigurationTableDefinitions/><ConfigurationTables/><content><![CDATA[{
  "stateDefinitions" : [ {
    "defaultStyleDefinition" : "",
    "defaultValue" : "ALL",
    "description" : "",
    "displayString" : "ALL",
    "name" : ""
  }, {
    "defaultValue" : "GT50VARCOMPUTIL",
    "description" : "",
    "displayString" : "Greater than 50% Util",
    "name" : ""
  }, {
    "defaultStyleDefinition" : "",
    "defaultValue" : "LT50VARCOMPUTIL",
    "description" : "",
    "displayString" : "Less than 50% Util",
    "name" : ""
  }, {
    "description" : "",
    "displayString" : "ALL",
    "name" : ""
  } ],
  "stateType" : "string"
}]]></content><ConfigurationChanges><ConfigurationChange changeAction="CREATE" changeReason="header : name : updated&#10;" timestamp="2020-09-06T03:35:45.253Z" user="Prasoon Kumar"/><ConfigurationChange changeAction="MODIFY" changeReason="states : LT60FIXEDCOMPUTIL : updated, 100TO80FIXEDCOMPUTIL : updated&#10;" timestamp="2020-09-06T03:37:00.948Z" user="Prasoon Kumar"/><ConfigurationChange changeAction="MODIFY" changeReason="" timestamp="2020-09-06T03:37:13.635Z" user="Prasoon Kumar"/><ConfigurationChange changeAction="CREATE" changeReason="" timestamp="2020-10-29T09:27:58.153Z" user="Prasoon Kumar"/></ConfigurationChanges></StateDefinition><StateDefinition description="" documentationContent="" homeMashup="" lastModifiedDate="2020-10-29T09:27:58.166Z" name="ELGi.COMP.RemainingConsumables.State" projectName="ELGi.comp.ELGiEcosystem.Project" tags="ELGiEcosystemTag:ELGiECoSystem"><Owner name="Prasoon Kumar" type="User"/><avatar/><DesignTimePermissions><Create/><Read/><Update/><Delete/><Metadata/></DesignTimePermissions><RunTimePermissions/><VisibilityPermissions><Visibility/></VisibilityPermissions><ConfigurationTableDefinitions/><ConfigurationTables/><content><![CDATA[{
  "stateDefinitions" : [ {
    "comparator" : "<=",
    "defaultStyleDefinition" : "ELGi.COMP.Empty.Style",
    "defaultValue" : "0",
    "description" : "",
    "displayString" : "Empty",
    "name" : ""
  }, {
    "comparator" : "<",
    "defaultStyleDefinition" : "ELGi.COMP.BelowThreshold.Style",
    "defaultValue" : "250",
    "description" : "",
    "displayString" : "BelowThreshold",
    "name" : ""
  }, {
    "defaultStyleDefinition" : "ELGi.COMP.RemainingConsumables.Style",
    "defaultValue" : "",
    "description" : "",
    "displayString" : "",
    "name" : ""
  } ],
  "stateType" : "numeric"
}]]></content><ConfigurationChanges><ConfigurationChange changeAction="CREATE" changeReason="" timestamp="2020-09-04T08:12:55.450Z" user="Prasoon Kumar"/><ConfigurationChange changeAction="CREATE" changeReason="" timestamp="2020-10-29T09:27:58.166Z" user="Prasoon Kumar"/></ConfigurationChanges></StateDefinition><StateDefinition description="" documentationContent="" homeMashup="" lastModifiedDate="2020-10-29T09:27:58.172Z" name="ELGi.COMP.FixedSpeedUtil.StateDef" projectName="ELGi.comp.ELGiEcosystem.Project" tags="ELGiEcosystemTag:ELGiECoSystem"><Owner name="Prasoon Kumar" type="User"/><avatar/><DesignTimePermissions><Create/><Read/><Update/><Delete/><Metadata/></DesignTimePermissions><RunTimePermissions/><VisibilityPermissions><Visibility/></VisibilityPermissions><ConfigurationTableDefinitions/><ConfigurationTables/><content><![CDATA[{
  "stateDefinitions" : [ {
    "defaultStyleDefinition" : "",
    "defaultValue" : "ALL",
    "description" : "",
    "displayString" : "ALL",
    "name" : ""
  }, {
    "defaultValue" : "100TO80FIXEDCOMPUTIL",
    "description" : "",
    "displayString" : "100-80% Util",
    "name" : ""
  }, {
    "defaultStyleDefinition" : "",
    "defaultValue" : "80TO60FIXEDCOMPUTIL",
    "description" : "",
    "displayString" : "80-60% Util",
    "name" : ""
  }, {
    "defaultStyleDefinition" : "",
    "defaultValue" : "LT60FIXEDCOMPUTIL",
    "description" : "",
    "displayString" : "Less than 60% Util",
    "name" : ""
  }, {
    "description" : "",
    "displayString" : "ALL",
    "name" : ""
  } ],
  "stateType" : "string"
}]]></content><ConfigurationChanges><ConfigurationChange changeAction="CREATE" changeReason="header : name : updated&#10;" timestamp="2020-09-05T15:06:56.635Z" user="Prasoon Kumar"/><ConfigurationChange changeAction="MODIFY" changeReason="states : OVERDUE : updated, 100TO80FIXEDCOMPUTIL : updated&#10;" timestamp="2020-09-05T15:11:25.909Z" user="Prasoon Kumar"/><ConfigurationChange changeAction="MODIFY" changeReason="states : DUESOON : updated&#10;" timestamp="2020-09-05T15:11:48.358Z" user="Prasoon Kumar"/><ConfigurationChange changeAction="MODIFY" changeReason="states : LT60FIXEDCOMPUTIL : updated&#10;" timestamp="2020-09-05T15:13:22.395Z" user="Prasoon Kumar"/><ConfigurationChange changeAction="CREATE" changeReason="" timestamp="2020-10-29T09:27:58.172Z" user="Prasoon Kumar"/></ConfigurationChanges></StateDefinition><StateDefinition description="" documentationContent="" homeMashup="" lastModifiedDate="2020-10-29T09:27:58.149Z" name="ELGi.COMP.VarSpeedCompStatus.StateDef" projectName="ELGi.comp.ELGiEcosystem.Project" tags="ELGi.comp.ELGiEcosystem.MTag:ELGiEcosystem"><Owner name="Prasoon Kumar" type="User"/><avatar/><DesignTimePermissions><Create/><Read/><Update/><Delete/><Metadata/></DesignTimePermissions><RunTimePermissions/><VisibilityPermissions><Visibility/></VisibilityPermissions><ConfigurationTableDefinitions/><ConfigurationTables/><content><![CDATA[{
  "stateDefinitions" : [ {
    "defaultStyleDefinition" : "ELGi.COMP.RedText.StyleDef",
    "defaultValue" : "LESS THAN 50% UTIL.",
    "description" : "",
    "displayString" : "LESS THAN 50% UTIL.",
    "name" : ""
  }, {
    "defaultStyleDefinition" : "ELGi.COMP.GreenText.StyleDef",
    "defaultValue" : "GREATER THAN 50% UTIL.",
    "description" : "",
    "displayString" : "GREATER THAN 50% UTIL.",
    "name" : ""
  }, {
    "defaultStyleDefinition" : "",
    "description" : "",
    "displayString" : "",
    "name" : ""
  } ],
  "stateType" : "string"
}]]></content><ConfigurationChanges><ConfigurationChange changeAction="CREATE" changeReason="header : name : updated, tags : updated&#10;" timestamp="2020-09-06T03:37:49.334Z" user="Prasoon Kumar"/><ConfigurationChange changeAction="MODIFY" changeReason="" timestamp="2020-09-06T03:39:06.138Z" user="Prasoon Kumar"/><ConfigurationChange changeAction="CREATE" changeReason="" timestamp="2020-10-29T09:27:58.149Z" user="Prasoon Kumar"/></ConfigurationChanges></StateDefinition><StateDefinition description="" documentationContent="" homeMashup="" lastModifiedDate="2020-10-29T09:27:58.157Z" name="ELGi.COMP.ServiceStatus.StateDef" projectName="ELGi.comp.ELGiEcosystem.Project" tags=""><Owner name="Prasoon Kumar" type="User"/><avatar/><DesignTimePermissions><Create/><Read/><Update/><Delete/><Metadata/></DesignTimePermissions><RunTimePermissions/><VisibilityPermissions><Visibility/></VisibilityPermissions><ConfigurationTableDefinitions/><ConfigurationTables/><content><![CDATA[{
  "stateDefinitions" : [ {
    "defaultStyleDefinition" : "ELGi.COMP.RedText.StyleDef",
    "defaultValue" : "OVERDUE",
    "description" : "",
    "displayString" : "OVERDUE",
    "name" : ""
  }, {
    "defaultStyleDefinition" : "ELGi.COMP.OrangeText.StyleDef",
    "defaultValue" : "DUE",
    "description" : "",
    "displayString" : "DUE",
    "name" : ""
  }, {
    "defaultStyleDefinition" : "ELGi.COMP.GreenText.StyleDef",
    "defaultValue" : "DUE SOON",
    "description" : "",
    "displayString" : "DUE SOON",
    "name" : ""
  }, {
    "defaultStyleDefinition" : "",
    "description" : "",
    "displayString" : "",
    "name" : ""
  } ],
  "stateType" : "string"
}]]></content><ConfigurationChanges><ConfigurationChange changeAction="CREATE" changeReason="header : name : updated&#10;" timestamp="2020-09-05T12:31:37.395Z" user="Prasoon Kumar"/><ConfigurationChange changeAction="MODIFY" changeReason="states : TRIPPED : updated, STOPPED : updated, RUNNING : updated&#10;" timestamp="2020-09-05T13:06:53.900Z" user="Prasoon Kumar"/><ConfigurationChange changeAction="CREATE" changeReason="" timestamp="2020-10-29T09:27:58.157Z" user="Prasoon Kumar"/></ConfigurationChanges></StateDefinition><StateDefinition description="" documentationContent="" homeMashup="" lastModifiedDate="2020-10-29T09:27:58.158Z" name="ELGi.COMP.OnTimeServiceStatus.StateDef" projectName="ELGi.comp.ELGiEcosystem.Project" tags=""><Owner name="Prasoon Kumar" type="User"/><avatar/><DesignTimePermissions><Create/><Read/><Update/><Delete/><Metadata/></DesignTimePermissions><RunTimePermissions/><VisibilityPermissions><Visibility/></VisibilityPermissions><ConfigurationTableDefinitions/><ConfigurationTables/><content><![CDATA[{
  "stateDefinitions" : [ {
    "defaultStyleDefinition" : "ELGi.COMP.RedText.StyleDef",
    "defaultValue" : "OVERDUE GREATER THAN 200 Hrs.",
    "description" : "",
    "displayString" : "OVERDUE GREATER THAN 200 Hrs.",
    "name" : ""
  }, {
    "defaultStyleDefinition" : "ELGi.COMP.OrangeText.StyleDef",
    "defaultValue" : "OVERDUE LESS THAN 200 Hrs.",
    "description" : "",
    "displayString" : "OVERDUE LESS THAN 200 Hrs.",
    "name" : ""
  }, {
    "defaultStyleDefinition" : "ELGi.COMP.GreenText.StyleDef",
    "defaultValue" : "ONTIME",
    "description" : "",
    "displayString" : "ONTIME",
    "name" : ""
  }, {
    "defaultStyleDefinition" : "",
    "description" : "",
    "displayString" : "",
    "name" : ""
  } ],
  "stateType" : "string"
}]]></content><ConfigurationChanges><ConfigurationChange changeAction="CREATE" changeReason="header : name : updated&#10;" timestamp="2020-09-06T06:40:37.366Z" user="Prasoon Kumar"/><ConfigurationChange changeAction="MODIFY" changeReason="" timestamp="2020-09-06T06:44:10.668Z" user="Prasoon Kumar"/><ConfigurationChange changeAction="MODIFY" changeReason="" timestamp="2020-09-06T06:45:34.826Z" user="Prasoon Kumar"/><ConfigurationChange changeAction="MODIFY" changeReason="" timestamp="2020-09-06T06:47:29.977Z" user="Prasoon Kumar"/><ConfigurationChange changeAction="CREATE" changeReason="" timestamp="2020-10-29T09:27:58.158Z" user="Prasoon Kumar"/></ConfigurationChanges></StateDefinition><StateDefinition description="" documentationContent="" homeMashup="" lastModifiedDate="2020-10-29T09:27:58.169Z" name="ELGi.COMP.ServiceDue.StateDef" projectName="ELGi.comp.ELGiEcosystem.Project" tags="ELGiEcosystemTag:ELGiECoSystem"><Owner name="Prasoon Kumar" type="User"/><avatar/><DesignTimePermissions><Create/><Read/><Update/><Delete/><Metadata/></DesignTimePermissions><RunTimePermissions/><VisibilityPermissions><Visibility/></VisibilityPermissions><ConfigurationTableDefinitions/><ConfigurationTables/><content><![CDATA[{
  "stateDefinitions" : [ {
    "defaultStyleDefinition" : "",
    "defaultValue" : "ALL",
    "description" : "",
    "displayString" : "ALL",
    "name" : ""
  }, {
    "defaultValue" : "OVERDUE",
    "description" : "",
    "displayString" : "OVERDUE",
    "name" : ""
  }, {
    "defaultStyleDefinition" : "",
    "defaultValue" : "DUE",
    "description" : "",
    "displayString" : "DUE",
    "name" : ""
  }, {
    "defaultStyleDefinition" : "",
    "defaultValue" : "DUESOON",
    "description" : "",
    "displayString" : "DUE SOON",
    "name" : ""
  }, {
    "description" : "",
    "displayString" : "ALL",
    "name" : ""
  } ],
  "stateType" : "string"
}]]></content><ConfigurationChanges><ConfigurationChange changeAction="CREATE" changeReason="header : name : updated&#10;" timestamp="2020-09-05T11:47:43.138Z" user="Prasoon Kumar"/><ConfigurationChange changeAction="MODIFY" changeReason="states : FACTORY FIT : updated, DUE : updated, RETROFIT : updated, New String/Value State Definition : added&#10;" timestamp="2020-09-05T11:48:45.354Z" user="Prasoon Kumar"/><ConfigurationChange changeAction="MODIFY" changeReason="states : New String/Value State Definition : added&#10;" timestamp="2020-09-05T13:34:10.945Z" user="Prasoon Kumar"/><ConfigurationChange changeAction="MODIFY" changeReason="" timestamp="2020-09-05T13:34:20.201Z" user="Prasoon Kumar"/><ConfigurationChange changeAction="CREATE" changeReason="" timestamp="2020-10-29T09:27:58.169Z" user="Prasoon Kumar"/></ConfigurationChanges></StateDefinition><StateDefinition description="" documentationContent="" homeMashup="" lastModifiedDate="2020-10-29T09:27:58.171Z" name="ELGi.COMP.HealthOfCompressors.StateDef" projectName="ELGi.comp.ELGiEcosystem.Project" tags="ELGiEcosystemTag:ELGiECoSystem"><Owner name="Prasoon Kumar" type="User"/><avatar/><DesignTimePermissions><Create/><Read/><Update/><Delete/><Metadata/></DesignTimePermissions><RunTimePermissions/><VisibilityPermissions><Visibility/></VisibilityPermissions><ConfigurationTableDefinitions/><ConfigurationTables/><content><![CDATA[{
  "stateDefinitions" : [ {
    "defaultStyleDefinition" : "",
    "defaultValue" : "ALL",
    "description" : "",
    "displayString" : "ALL",
    "name" : ""
  }, {
    "defaultValue" : "HEALTHY",
    "description" : "",
    "displayString" : "HEALTHY",
    "name" : ""
  }, {
    "defaultStyleDefinition" : "",
    "defaultValue" : "PREDICTED",
    "description" : "",
    "displayString" : "PREDICTED",
    "name" : ""
  }, {
    "defaultStyleDefinition" : "",
    "defaultValue" : "DETECTED",
    "description" : "",
    "displayString" : "DETECTED",
    "name" : ""
  }, {
    "description" : "",
    "displayString" : "ALL",
    "name" : ""
  } ],
  "stateType" : "string"
}]]></content><ConfigurationChanges><ConfigurationChange changeAction="CREATE" changeReason="header : name : updated&#10;" timestamp="2020-09-08T05:56:42.328Z" user="Prasoon Kumar"/><ConfigurationChange changeAction="MODIFY" changeReason="states : ONTIME : updated, LT200OVERDUE : updated, GT200OVERDUE : updated&#10;" timestamp="2020-09-08T05:57:24.750Z" user="Prasoon Kumar"/><ConfigurationChange changeAction="CREATE" changeReason="" timestamp="2020-10-29T09:27:58.170Z" user="Prasoon Kumar"/></ConfigurationChanges></StateDefinition><StateDefinition description="" documentationContent="" homeMashup="" lastModifiedDate="2020-10-29T09:27:58.174Z" name="ELGi.COMP.FirmwareDetailsFilter.StateDef" projectName="ELGi.comp.ELGiEcosystem.Project" tags="ELGiEcosystemTag:ELGiECoSystem"><Owner name="Prasoon Kumar" type="User"/><avatar/><DesignTimePermissions><Create/><Read/><Update/><Delete/><Metadata/></DesignTimePermissions><RunTimePermissions/><VisibilityPermissions><Visibility/></VisibilityPermissions><ConfigurationTableDefinitions/><ConfigurationTables/><content><![CDATA[{
  "stateDefinitions" : [ {
    "defaultStyleDefinition" : "",
    "defaultValue" : "ALL",
    "description" : "",
    "displayString" : "ALL",
    "name" : ""
  }, {
    "defaultValue" : "PENDING",
    "description" : "",
    "displayString" : "PENDING",
    "name" : ""
  }, {
    "defaultStyleDefinition" : "",
    "defaultValue" : "UPDATED",
    "description" : "",
    "displayString" : "UPDATED",
    "name" : ""
  }, {
    "description" : "",
    "displayString" : "ALL",
    "name" : ""
  } ],
  "stateType" : "string"
}]]></content><ConfigurationChanges><ConfigurationChange changeAction="CREATE" changeReason="header : name : updated&#10;" timestamp="2020-09-06T04:01:11.111Z" user="Prasoon Kumar"/><ConfigurationChange changeAction="MODIFY" changeReason="states : 100TO80FIXEDCOMPUTIL : updated, 80TO60FIXEDCOMPUTIL : updated&#10;" timestamp="2020-09-06T04:02:10.146Z" user="Prasoon Kumar"/><ConfigurationChange changeAction="CREATE" changeReason="" timestamp="2020-10-29T09:27:58.174Z" user="Prasoon Kumar"/></ConfigurationChanges></StateDefinition></StateDefinitions></Entities>