<?xml version="1.0" encoding="UTF-8" standalone="no"?><Entities build="b414" majorVersion="8" minorVersion="5" modelPersistenceProviderPackage="PostgresPersistenceProviderPackage" revision="8" schemaVersion="1054" universal="password"><StyleDefinitions><StyleDefinition description="" documentationContent="" homeMashup="" lastModifiedDate="2020-10-29T09:27:45.952Z" name="ELGi.COMP.ChartArea.StyleDef" projectName="ELGi.comp.ELGiEcosystem.Project" tags="ELGi.comp.ELGiEcosystem.MTag:ELGiEcosystem"><Owner name="Prasoon Kumar" type="User"/><avatar/><DesignTimePermissions><Create/><Read/><Update/><Delete/><Metadata/></DesignTimePermissions><RunTimePermissions/><VisibilityPermissions><Visibility/></VisibilityPermissions><ConfigurationTableDefinitions/><ConfigurationTables/><content><![CDATA[{
  "backgroundColor" : "",
  "displayString" : "",
  "fontEmphasisBold" : false,
  "fontEmphasisItalic" : false,
  "fontEmphasisUnderline" : false,
  "foregroundColor" : "rgba(255,255,255,1)",
  "image" : "",
  "lineColor" : "",
  "lineStyle" : "solid",
  "lineThickness" : 1,
  "secondaryBackgroundColor" : "",
  "textSize" : "normal"
}]]></content><ConfigurationChanges><ConfigurationChange changeAction="CREATE" changeReason="header : name : updated, projectName : updated, tags : updated&#10;" timestamp="2020-09-07T14:23:13.628Z" user="Prasoon Kumar"/><ConfigurationChange changeAction="MODIFY" changeReason="style : backgroundColor : updated, foregroundColor : updated&#10;" timestamp="2020-09-07T14:23:27.924Z" user="Prasoon Kumar"/><ConfigurationChange changeAction="CREATE" changeReason="" timestamp="2020-10-29T09:27:45.951Z" user="Prasoon Kumar"/></ConfigurationChanges></StyleDefinition><StyleDefinition description="" documentationContent="" homeMashup="" lastModifiedDate="2020-10-29T09:27:45.953Z" name="ELGi.COMP.LinkButton.StyleDef" projectName="ELGi.comp.ELGiEcosystem.Project" tags="ELGi.comp.ELGiEcosystem.MTag:ELGiEcosystem"><Owner name="Prasoon Kumar" type="User"/><avatar/><DesignTimePermissions><Create/><Read/><Update/><Delete/><Metadata/></DesignTimePermissions><RunTimePermissions/><VisibilityPermissions><Visibility/></VisibilityPermissions><ConfigurationTableDefinitions/><ConfigurationTables/><content><![CDATA[{
  "backgroundColor" : "",
  "displayString" : "",
  "fontEmphasisBold" : true,
  "fontEmphasisItalic" : false,
  "fontEmphasisUnderline" : true,
  "foregroundColor" : "rgba(245,87,77,1)",
  "lineColor" : "",
  "lineStyle" : "solid",
  "lineThickness" : 1,
  "secondaryBackgroundColor" : "",
  "textSize" : "large"
}]]></content><ConfigurationChanges><ConfigurationChange changeAction="CREATE" changeReason="header : name : updated&#10;" timestamp="2020-10-21T09:35:36.628Z" user="Prasoon Kumar"/><ConfigurationChange changeAction="MODIFY" changeReason="style : foregroundColor : updated, backgroundColor : updated&#10;" timestamp="2020-10-21T09:35:59.533Z" user="Prasoon Kumar"/><ConfigurationChange changeAction="MODIFY" changeReason="style : fontEmphasisUnderline : updated&#10;" timestamp="2020-10-21T09:36:06.571Z" user="Prasoon Kumar"/><ConfigurationChange changeAction="CREATE" changeReason="" timestamp="2020-10-29T09:27:45.953Z" user="Prasoon Kumar"/></ConfigurationChanges></StyleDefinition><StyleDefinition description="" documentationContent="" homeMashup="" lastModifiedDate="2020-10-29T09:27:45.965Z" name="ELGi.COMP.WhiteBackground.StyleDef" projectName="ELGi.comp.ELGiEcosystem.Project" tags="ELGi.comp.ELGiEcosystem.MTag:ELGiEcosystem"><Owner name="Prasoon Kumar" type="User"/><avatar/><DesignTimePermissions><Create/><Read/><Update/><Delete/><Metadata/></DesignTimePermissions><RunTimePermissions/><VisibilityPermissions><Visibility/></VisibilityPermissions><ConfigurationTableDefinitions/><ConfigurationTables/><content><![CDATA[{
  "backgroundColor" : "rgba(255,255,255,1)",
  "displayString" : "",
  "fontEmphasisBold" : false,
  "fontEmphasisItalic" : false,
  "fontEmphasisUnderline" : false,
  "foregroundColor" : "",
  "image" : "",
  "lineColor" : "",
  "lineStyle" : "solid",
  "lineThickness" : 1,
  "secondaryBackgroundColor" : "",
  "textSize" : "normal"
}]]></content><ConfigurationChanges><ConfigurationChange changeAction="CREATE" changeReason="header : name : updated, projectName : updated, tags : updated&#10;style : backgroundColor : updated&#10;" timestamp="2020-09-07T15:17:36.304Z" user="Prasoon Kumar"/><ConfigurationChange changeAction="CREATE" changeReason="" timestamp="2020-10-29T09:27:45.965Z" user="Prasoon Kumar"/></ConfigurationChanges></StyleDefinition><StyleDefinition description="" documentationContent="" homeMashup="" lastModifiedDate="2020-10-29T09:27:45.960Z" name="ELGi.COMP.Empty.Style" projectName="ELGi.comp.ELGiEcosystem.Project" tags="ELGiEcosystemTag:ELGiECoSystem"><Owner name="Prasoon Kumar" type="User"/><avatar/><DesignTimePermissions><Create/><Read/><Update/><Delete/><Metadata/></DesignTimePermissions><RunTimePermissions/><VisibilityPermissions><Visibility/></VisibilityPermissions><ConfigurationTableDefinitions/><ConfigurationTables/><content><![CDATA[{
  "backgroundColor" : "rgba(254,223,220,1)",
  "displayString" : "",
  "fontEmphasisBold" : false,
  "fontEmphasisItalic" : false,
  "fontEmphasisUnderline" : false,
  "foregroundColor" : "",
  "image" : "",
  "lineColor" : "",
  "lineStyle" : "solid",
  "lineThickness" : 1,
  "secondaryBackgroundColor" : "",
  "textSize" : "normal"
}]]></content><ConfigurationChanges><ConfigurationChange changeAction="CREATE" changeReason="" timestamp="2020-09-04T08:12:55.453Z" user="Prasoon Kumar"/><ConfigurationChange changeAction="CREATE" changeReason="" timestamp="2020-10-29T09:27:45.960Z" user="Prasoon Kumar"/></ConfigurationChanges></StyleDefinition><StyleDefinition description="" documentationContent="" homeMashup="" lastModifiedDate="2020-10-29T09:27:45.972Z" name="ELGi.COMP.SearchButton.StyleDef" projectName="ELGi.comp.ELGiEcosystem.Project" tags="ELGi.comp.ELGiEcosystem.MTag:ELGiEcosystem"><Owner name="Prasoon Kumar" type="User"/><avatar/><DesignTimePermissions><Create/><Read/><Update/><Delete/><Metadata/></DesignTimePermissions><RunTimePermissions/><VisibilityPermissions><Visibility/></VisibilityPermissions><ConfigurationTableDefinitions/><ConfigurationTables/><content><![CDATA[{
  "backgroundColor" : "",
  "displayString" : "",
  "fontEmphasisBold" : false,
  "fontEmphasisItalic" : false,
  "fontEmphasisUnderline" : false,
  "foregroundColor" : "",
  "image" : "ELGi.COMP.SearchIcon.Media",
  "lineColor" : "",
  "lineStyle" : "solid",
  "lineThickness" : 1,
  "secondaryBackgroundColor" : "",
  "textSize" : "normal"
}]]></content><ConfigurationChanges><ConfigurationChange changeAction="CREATE" changeReason="header : name : updated, projectName : updated, tags : updated&#10;" timestamp="2020-09-07T07:13:02.186Z" user="Prasoon Kumar"/><ConfigurationChange changeAction="MODIFY" changeReason="style : image : updated&#10;" timestamp="2020-09-07T07:13:47.705Z" user="Prasoon Kumar"/><ConfigurationChange changeAction="CREATE" changeReason="" timestamp="2020-10-29T09:27:45.972Z" user="Prasoon Kumar"/></ConfigurationChanges></StyleDefinition><StyleDefinition description="" documentationContent="" homeMashup="" lastModifiedDate="2020-10-29T09:27:45.985Z" name="ELGi.COMP.RadioButton2.Style" projectName="ELGi.comp.ELGiEcosystem.Project" tags="ELGiEcosystemTag:ELGiECoSystem"><Owner name="Prasoon Kumar" type="User"/><avatar/><DesignTimePermissions><Create/><Read/><Update/><Delete/><Metadata/></DesignTimePermissions><RunTimePermissions/><VisibilityPermissions><Visibility/></VisibilityPermissions><ConfigurationTableDefinitions/><ConfigurationTables/><content><![CDATA[{
  "backgroundColor" : "rgba(255,255,255,1)",
  "displayString" : "",
  "fontEmphasisBold" : true,
  "fontEmphasisItalic" : false,
  "fontEmphasisUnderline" : false,
  "foregroundColor" : "rgba(229,11,11,1)",
  "image" : "",
  "lineColor" : "rgba(192,192,192,1)",
  "lineStyle" : "solid",
  "lineThickness" : 1,
  "secondaryBackgroundColor" : "",
  "textSize" : "xlarge"
}]]></content><ConfigurationChanges><ConfigurationChange changeAction="CREATE" changeReason="" timestamp="2020-09-04T08:12:55.512Z" user="Prasoon Kumar"/><ConfigurationChange changeAction="CREATE" changeReason="" timestamp="2020-10-29T09:27:45.985Z" user="Prasoon Kumar"/></ConfigurationChanges></StyleDefinition><StyleDefinition description="" documentationContent="" homeMashup="" lastModifiedDate="2020-10-29T09:27:45.939Z" name="ELGi.COMP.LabelBlackBold.StyleDef" projectName="ELGi.comp.ELGiEcosystem.Project" tags="ELGi.comp.ELGiEcosystem.MTag:ELGiEcosystem"><Owner name="Prasoon Kumar" type="User"/><avatar/><DesignTimePermissions><Create/><Read/><Update/><Delete/><Metadata/></DesignTimePermissions><RunTimePermissions/><VisibilityPermissions><Visibility/></VisibilityPermissions><ConfigurationTableDefinitions/><ConfigurationTables/><content><![CDATA[{
  "backgroundColor" : "",
  "displayString" : "",
  "fontEmphasisBold" : true,
  "fontEmphasisItalic" : false,
  "fontEmphasisUnderline" : false,
  "foregroundColor" : "rgba(0,0,0,1)",
  "image" : "",
  "lineColor" : "",
  "lineStyle" : "solid",
  "lineThickness" : 1,
  "secondaryBackgroundColor" : "",
  "textSize" : "large"
}]]></content><ConfigurationChanges><ConfigurationChange changeAction="CREATE" changeReason="header : name : updated&#10;" timestamp="2020-09-05T10:50:47.218Z" user="Prasoon Kumar"/><ConfigurationChange changeAction="MODIFY" changeReason="style : fontEmphasisBold : updated&#10;" timestamp="2020-09-05T10:51:17.344Z" user="Prasoon Kumar"/><ConfigurationChange changeAction="CREATE" changeReason="" timestamp="2020-10-29T09:27:45.939Z" user="Prasoon Kumar"/></ConfigurationChanges></StyleDefinition><StyleDefinition description="" documentationContent="" homeMashup="" lastModifiedDate="2020-10-29T09:27:45.950Z" name="ELGi.COMP.RadioButton.Style" projectName="ELGi.comp.ELGiEcosystem.Project" tags="ELGiEcosystemTag:ELGiECoSystem"><Owner name="Prasoon Kumar" type="User"/><avatar/><DesignTimePermissions><Create/><Read/><Update/><Delete/><Metadata/></DesignTimePermissions><RunTimePermissions/><VisibilityPermissions><Visibility/></VisibilityPermissions><ConfigurationTableDefinitions/><ConfigurationTables/><content><![CDATA[{
  "backgroundColor" : "rgba(248,218,217,1)",
  "displayString" : "",
  "fontEmphasisBold" : true,
  "fontEmphasisItalic" : false,
  "fontEmphasisUnderline" : false,
  "foregroundColor" : "rgba(229,11,11,1)",
  "image" : "",
  "lineColor" : "",
  "lineStyle" : "solid",
  "lineThickness" : 1,
  "secondaryBackgroundColor" : "",
  "textSize" : "xlarge"
}]]></content><ConfigurationChanges><ConfigurationChange changeAction="CREATE" changeReason="" timestamp="2020-09-04T08:12:55.509Z" user="Prasoon Kumar"/><ConfigurationChange changeAction="CREATE" changeReason="" timestamp="2020-10-29T09:27:45.950Z" user="Prasoon Kumar"/></ConfigurationChanges></StyleDefinition><StyleDefinition description="" documentationContent="" homeMashup="" lastModifiedDate="2020-10-29T09:27:45.962Z" name="ELGi.COMP.SubHeaderBlack.StyleDef" projectName="ELGi.comp.ELGiEcosystem.Project" tags="ELGi.comp.ELGiEcosystem.MTag:ELGiEcosystem"><Owner name="Prasoon Kumar" type="User"/><avatar/><DesignTimePermissions><Create/><Read/><Update/><Delete/><Metadata/></DesignTimePermissions><RunTimePermissions/><VisibilityPermissions><Visibility/></VisibilityPermissions><ConfigurationTableDefinitions/><ConfigurationTables/><content><![CDATA[{
  "backgroundColor" : "",
  "displayString" : "",
  "fontEmphasisBold" : true,
  "fontEmphasisItalic" : false,
  "fontEmphasisUnderline" : false,
  "foregroundColor" : "rgba(0,0,0,1)",
  "image" : "",
  "lineColor" : "",
  "lineStyle" : "solid",
  "lineThickness" : 1,
  "secondaryBackgroundColor" : "",
  "textSize" : "large"
}]]></content><ConfigurationChanges><ConfigurationChange changeAction="CREATE" changeReason="header : name : updated&#10;" timestamp="2020-09-05T10:49:29.176Z" user="Prasoon Kumar"/><ConfigurationChange changeAction="MODIFY" changeReason="style : foregroundColor : updated, textSize : updated&#10;" timestamp="2020-09-05T10:49:40.911Z" user="Prasoon Kumar"/><ConfigurationChange changeAction="MODIFY" changeReason="style : textSize : updated&#10;" timestamp="2020-09-05T11:13:53.199Z" user="Ajay"/><ConfigurationChange changeAction="CREATE" changeReason="" timestamp="2020-10-29T09:27:45.962Z" user="Prasoon Kumar"/></ConfigurationChanges></StyleDefinition><StyleDefinition description="" documentationContent="" homeMashup="" lastModifiedDate="2020-10-29T09:27:45.963Z" name="ELGi.COMP.SeriesStyle1.StyleDef" projectName="ELGi.comp.ELGiEcosystem.Project" tags="ELGi.comp.ELGiEcosystem.MTag:ELGiEcosystem"><Owner name="Prasoon Kumar" type="User"/><avatar/><DesignTimePermissions><Create/><Read/><Update/><Delete/><Metadata/></DesignTimePermissions><RunTimePermissions/><VisibilityPermissions><Visibility/></VisibilityPermissions><ConfigurationTableDefinitions/><ConfigurationTables/><content><![CDATA[{
  "backgroundColor" : "rgba(1,88,51,1)",
  "displayString" : "",
  "fontEmphasisBold" : false,
  "fontEmphasisItalic" : false,
  "fontEmphasisUnderline" : false,
  "foregroundColor" : "",
  "image" : "",
  "lineColor" : "rgba(17,175,108,1)",
  "lineStyle" : "solid",
  "lineThickness" : 1,
  "secondaryBackgroundColor" : "rgba(7,67,42,1)",
  "textSize" : "normal"
}]]></content><ConfigurationChanges><ConfigurationChange changeAction="CREATE" changeReason="header : name : updated, projectName : updated, tags : updated&#10;" timestamp="2020-09-07T14:26:49.640Z" user="Prasoon Kumar"/><ConfigurationChange changeAction="MODIFY" changeReason="style : backgroundColor : updated&#10;" timestamp="2020-09-07T14:29:10.019Z" user="Prasoon Kumar"/><ConfigurationChange changeAction="MODIFY" changeReason="style : secondaryBackgroundColor : updated&#10;" timestamp="2020-09-07T14:29:32.785Z" user="Prasoon Kumar"/><ConfigurationChange changeAction="MODIFY" changeReason="style : lineColor : updated&#10;" timestamp="2020-09-07T14:30:09.659Z" user="Prasoon Kumar"/><ConfigurationChange changeAction="CREATE" changeReason="" timestamp="2020-10-29T09:27:45.963Z" user="Prasoon Kumar"/></ConfigurationChanges></StyleDefinition><StyleDefinition description="" documentationContent="" homeMashup="" lastModifiedDate="2020-10-29T09:27:45.981Z" name="ELGi.COMP.BelowThreshold.Style" projectName="ELGi.comp.ELGiEcosystem.Project" tags="ELGiEcosystemTag:ELGiECoSystem"><Owner name="Prasoon Kumar" type="User"/><avatar/><DesignTimePermissions><Create/><Read/><Update/><Delete/><Metadata/></DesignTimePermissions><RunTimePermissions/><VisibilityPermissions><Visibility/></VisibilityPermissions><ConfigurationTableDefinitions/><ConfigurationTables/><content><![CDATA[{
  "backgroundColor" : "rgba(248,30,22,1)",
  "displayString" : "",
  "fontEmphasisBold" : false,
  "fontEmphasisItalic" : false,
  "fontEmphasisUnderline" : false,
  "foregroundColor" : "",
  "image" : "",
  "lineColor" : "",
  "lineStyle" : "solid",
  "lineThickness" : 1,
  "secondaryBackgroundColor" : "",
  "textSize" : "normal"
}]]></content><ConfigurationChanges><ConfigurationChange changeAction="CREATE" changeReason="" timestamp="2020-09-04T08:12:55.507Z" user="Prasoon Kumar"/><ConfigurationChange changeAction="CREATE" changeReason="" timestamp="2020-10-29T09:27:45.981Z" user="Prasoon Kumar"/></ConfigurationChanges></StyleDefinition><StyleDefinition description="" documentationContent="" homeMashup="" lastModifiedDate="2020-10-29T09:27:45.976Z" name="ELGi.COMP.LabelBlack.StyleDef" projectName="ELGi.comp.ELGiEcosystem.Project" tags="ELGi.comp.ELGiEcosystem.MTag:ELGiEcosystem"><Owner name="Prasoon Kumar" type="User"/><avatar/><DesignTimePermissions><Create/><Read/><Update/><Delete/><Metadata/></DesignTimePermissions><RunTimePermissions/><VisibilityPermissions><Visibility/></VisibilityPermissions><ConfigurationTableDefinitions/><ConfigurationTables/><content><![CDATA[{
  "backgroundColor" : "",
  "displayString" : "",
  "fontEmphasisBold" : false,
  "fontEmphasisItalic" : false,
  "fontEmphasisUnderline" : false,
  "foregroundColor" : "rgba(0,0,0,1)",
  "image" : "",
  "lineColor" : "",
  "lineStyle" : "solid",
  "lineThickness" : 1,
  "secondaryBackgroundColor" : "",
  "textSize" : "large"
}]]></content><ConfigurationChanges><ConfigurationChange changeAction="CREATE" changeReason="header : name : updated&#10;" timestamp="2020-09-05T10:49:59.640Z" user="Prasoon Kumar"/><ConfigurationChange changeAction="MODIFY" changeReason="style : fontEmphasisBold : updated, textSize : updated&#10;" timestamp="2020-09-05T10:50:06.995Z" user="Prasoon Kumar"/><ConfigurationChange changeAction="CREATE" changeReason="" timestamp="2020-10-29T09:27:45.976Z" user="Prasoon Kumar"/></ConfigurationChanges></StyleDefinition><StyleDefinition description="" documentationContent="" homeMashup="" lastModifiedDate="2020-10-29T09:27:45.978Z" name="ELGi.COMP.GreenText.StyleDef" projectName="ELGi.comp.ELGiEcosystem.Project" tags="ELGi.comp.ELGiEcosystem.MTag:ELGiEcosystem"><Owner name="Prasoon Kumar" type="User"/><avatar/><DesignTimePermissions><Create/><Read/><Update/><Delete/><Metadata/></DesignTimePermissions><RunTimePermissions/><VisibilityPermissions><Visibility/></VisibilityPermissions><ConfigurationTableDefinitions/><ConfigurationTables/><content><![CDATA[{
  "backgroundColor" : "",
  "displayString" : "",
  "fontEmphasisBold" : true,
  "fontEmphasisItalic" : false,
  "fontEmphasisUnderline" : false,
  "foregroundColor" : "rgba(45,171,43,1)",
  "image" : "",
  "lineColor" : "",
  "lineStyle" : "solid",
  "lineThickness" : 1,
  "secondaryBackgroundColor" : "",
  "textSize" : "large"
}]]></content><ConfigurationChanges><ConfigurationChange changeAction="CREATE" changeReason="header : name : updated&#10;" timestamp="2020-09-04T15:07:24.214Z" user="Prasoon Kumar"/><ConfigurationChange changeAction="MODIFY" changeReason="style : foregroundColor : updated&#10;" timestamp="2020-09-04T15:07:47.779Z" user="Prasoon Kumar"/><ConfigurationChange changeAction="MODIFY" changeReason="style : foregroundColor : updated, textSize : updated&#10;" timestamp="2020-09-04T15:19:00.987Z" user="Prasoon Kumar"/><ConfigurationChange changeAction="CREATE" changeReason="" timestamp="2020-10-29T09:27:45.978Z" user="Prasoon Kumar"/></ConfigurationChanges></StyleDefinition><StyleDefinition description="" documentationContent="" homeMashup="" lastModifiedDate="2020-10-29T09:27:45.984Z" name="ELGi.COMP.UnfilledBackground.Style" projectName="ELGi.comp.ELGiEcosystem.Project" tags="ELGi.comp.ELGiEcosystem.MTag:BaseTemplate"><Owner name="Prasoon Kumar" type="User"/><avatar/><DesignTimePermissions><Create/><Read/><Update/><Delete/><Metadata/></DesignTimePermissions><RunTimePermissions/><VisibilityPermissions><Visibility/></VisibilityPermissions><ConfigurationTableDefinitions/><ConfigurationTables/><content><![CDATA[{
  "backgroundColor" : "rgba(192,192,192,1)",
  "displayString" : "",
  "fontEmphasisBold" : false,
  "fontEmphasisItalic" : false,
  "fontEmphasisUnderline" : false,
  "foregroundColor" : "",
  "image" : "",
  "lineColor" : "",
  "lineStyle" : "solid",
  "lineThickness" : 1,
  "secondaryBackgroundColor" : "",
  "textSize" : "normal"
}]]></content><ConfigurationChanges><ConfigurationChange changeAction="CREATE" changeReason="" timestamp="2020-09-04T08:12:55.510Z" user="Prasoon Kumar"/><ConfigurationChange changeAction="CREATE" changeReason="" timestamp="2020-10-29T09:27:45.984Z" user="Prasoon Kumar"/></ConfigurationChanges></StyleDefinition><StyleDefinition description="" documentationContent="" homeMashup="" lastModifiedDate="2020-10-29T09:27:45.975Z" name="ELGi.COMP.RadioButtonDepressed.Style" projectName="ELGi.comp.ELGiEcosystem.Project" tags="ELGiEcosystemTag:ELGiECoSystem"><Owner name="Prasoon Kumar" type="User"/><avatar/><DesignTimePermissions><Create/><Read/><Update/><Delete/><Metadata/></DesignTimePermissions><RunTimePermissions/><VisibilityPermissions><Visibility/></VisibilityPermissions><ConfigurationTableDefinitions/><ConfigurationTables/><content><![CDATA[{
  "backgroundColor" : "rgba(236,4,4,1)",
  "displayString" : "",
  "fontEmphasisBold" : true,
  "fontEmphasisItalic" : false,
  "fontEmphasisUnderline" : false,
  "foregroundColor" : "rgba(255,255,255,1)",
  "image" : "",
  "lineColor" : "",
  "lineStyle" : "solid",
  "lineThickness" : "2",
  "secondaryBackgroundColor" : "",
  "textSize" : "xlarge"
}]]></content><ConfigurationChanges><ConfigurationChange changeAction="CREATE" changeReason="" timestamp="2020-09-04T08:12:55.502Z" user="Prasoon Kumar"/><ConfigurationChange changeAction="CREATE" changeReason="" timestamp="2020-10-29T09:27:45.975Z" user="Prasoon Kumar"/></ConfigurationChanges></StyleDefinition><StyleDefinition description="" documentationContent="" homeMashup="" lastModifiedDate="2020-10-29T09:27:45.958Z" name="ELGi.COMP.BackButton.StyleDef" projectName="ELGi.comp.ELGiEcosystem.Project" tags="ELGi.comp.ELGiEcosystem.MTag:ELGiEcosystem"><Owner name="Prasoon Kumar" type="User"/><avatar/><DesignTimePermissions><Create/><Read/><Update/><Delete/><Metadata/></DesignTimePermissions><RunTimePermissions/><VisibilityPermissions><Visibility/></VisibilityPermissions><ConfigurationTableDefinitions/><ConfigurationTables/><content><![CDATA[{
  "backgroundColor" : "rgba(245,87,77,1)",
  "displayString" : "",
  "fontEmphasisBold" : false,
  "fontEmphasisItalic" : false,
  "fontEmphasisUnderline" : false,
  "foregroundColor" : "",
  "image" : "ELGi.COMP.BackIcon.Media",
  "lineColor" : "",
  "lineStyle" : "solid",
  "lineThickness" : 1,
  "secondaryBackgroundColor" : "",
  "textSize" : "normal"
}]]></content><ConfigurationChanges><ConfigurationChange changeAction="CREATE" changeReason="header : name : updated, projectName : updated, tags : updated&#10;" timestamp="2020-09-07T06:34:50.879Z" user="Prasoon Kumar"/><ConfigurationChange changeAction="MODIFY" changeReason="style : backgroundColor : updated&#10;" timestamp="2020-09-07T06:35:31.232Z" user="Prasoon Kumar"/><ConfigurationChange changeAction="MODIFY" changeReason="style : image : updated&#10;" timestamp="2020-09-07T06:38:17.877Z" user="Prasoon Kumar"/><ConfigurationChange changeAction="MODIFY" changeReason="style : image : updated&#10;" timestamp="2020-09-07T06:44:28.247Z" user="Prasoon Kumar"/><ConfigurationChange changeAction="CREATE" changeReason="" timestamp="2020-10-29T09:27:45.958Z" user="Prasoon Kumar"/></ConfigurationChanges></StyleDefinition><StyleDefinition description="" documentationContent="" homeMashup="" lastModifiedDate="2020-10-29T09:27:45.973Z" name="ELGiOrderRunning" projectName="ELGi.comp.ELGiEcosystem.Project" tags="ELGi.comp.ELGiEcosystem.MTag:ELGiEcosystem"><Owner name="Prasoon Kumar" type="User"/><avatar/><DesignTimePermissions><Create/><Read/><Update/><Delete/><Metadata/></DesignTimePermissions><RunTimePermissions/><VisibilityPermissions><Visibility/></VisibilityPermissions><ConfigurationTableDefinitions/><ConfigurationTables/><content><![CDATA[{
  "backgroundColor" : "rgba(97,165,74,1)",
  "displayString" : "",
  "fontEmphasisBold" : true,
  "fontEmphasisItalic" : false,
  "fontEmphasisUnderline" : false,
  "foregroundColor" : "",
  "image" : "",
  "lineColor" : "",
  "lineStyle" : "solid",
  "lineThickness" : 1,
  "secondaryBackgroundColor" : "",
  "textSize" : "normal"
}]]></content><ConfigurationChanges><ConfigurationChange changeAction="CREATE" changeReason="" timestamp="2020-09-04T08:12:55.503Z" user="Prasoon Kumar"/><ConfigurationChange changeAction="CREATE" changeReason="" timestamp="2020-10-29T09:27:45.973Z" user="Prasoon Kumar"/></ConfigurationChanges></StyleDefinition><StyleDefinition description="" documentationContent="" homeMashup="" lastModifiedDate="2020-10-29T09:27:45.982Z" name="ELGi.COMP.DropDownStyle.StyleDef" projectName="ELGi.comp.ELGiEcosystem.Project" tags="ELGi.comp.ELGiEcosystem.MTag:ELGiEcosystem"><Owner name="Prasoon Kumar" type="User"/><avatar/><DesignTimePermissions><Create/><Read/><Update/><Delete/><Metadata/></DesignTimePermissions><RunTimePermissions/><VisibilityPermissions><Visibility/></VisibilityPermissions><ConfigurationTableDefinitions/><ConfigurationTables/><content><![CDATA[{
  "backgroundColor" : "rgba(0,0,0,1)",
  "displayString" : "",
  "fontEmphasisBold" : false,
  "fontEmphasisItalic" : false,
  "fontEmphasisUnderline" : false,
  "foregroundColor" : "rgba(255,255,255,1)",
  "image" : "",
  "lineColor" : "rgba(255,255,255,1)",
  "lineStyle" : "solid",
  "lineThickness" : 1,
  "secondaryBackgroundColor" : "",
  "textSize" : "large"
}]]></content><ConfigurationChanges><ConfigurationChange changeAction="CREATE" changeReason="header : name : updated&#10;" timestamp="2020-09-22T17:30:23.297Z" user="Prasoon Kumar"/><ConfigurationChange changeAction="MODIFY" changeReason="style : backgroundColor : updated, foregroundColor : updated, fontEmphasisBold : updated, lineColor : updated&#10;" timestamp="2020-09-22T17:30:39.281Z" user="Prasoon Kumar"/><ConfigurationChange changeAction="MODIFY" changeReason="style : fontEmphasisBold : updated&#10;" timestamp="2020-09-22T17:31:59.314Z" user="Prasoon Kumar"/><ConfigurationChange changeAction="MODIFY" changeReason="style : textSize : updated&#10;" timestamp="2020-09-22T17:32:03.989Z" user="Prasoon Kumar"/><ConfigurationChange changeAction="CREATE" changeReason="" timestamp="2020-10-29T09:27:45.982Z" user="Prasoon Kumar"/></ConfigurationChanges></StyleDefinition><StyleDefinition description="" documentationContent="" homeMashup="" lastModifiedDate="2020-10-29T09:27:45.967Z" name="ELGi.COMP.RemainingConsumables.Style" projectName="ELGi.comp.ELGiEcosystem.Project" tags="ELGiEcosystemTag:ELGiECoSystem"><Owner name="Prasoon Kumar" type="User"/><avatar/><DesignTimePermissions><Create/><Read/><Update/><Delete/><Metadata/></DesignTimePermissions><RunTimePermissions/><VisibilityPermissions><Visibility/></VisibilityPermissions><ConfigurationTableDefinitions/><ConfigurationTables/><content><![CDATA[{
  "backgroundColor" : "rgba(0,0,0,1)",
  "displayString" : "",
  "fontEmphasisBold" : false,
  "fontEmphasisItalic" : false,
  "fontEmphasisUnderline" : false,
  "foregroundColor" : "",
  "image" : "",
  "lineColor" : "",
  "lineStyle" : "solid",
  "lineThickness" : 1,
  "secondaryBackgroundColor" : "",
  "textSize" : "normal"
}]]></content><ConfigurationChanges><ConfigurationChange changeAction="CREATE" changeReason="" timestamp="2020-09-04T08:12:55.505Z" user="Prasoon Kumar"/><ConfigurationChange changeAction="CREATE" changeReason="" timestamp="2020-10-29T09:27:45.967Z" user="Prasoon Kumar"/></ConfigurationChanges></StyleDefinition><StyleDefinition description="" documentationContent="" homeMashup="" lastModifiedDate="2020-10-29T09:27:45.957Z" name="ELGi.COMP.Button.StyleDef" projectName="ELGi.comp.ELGiEcosystem.Project" tags="ELGi.comp.ELGiEcosystem.MTag:ELGiEcosystem"><Owner name="Prasoon Kumar" type="User"/><avatar/><DesignTimePermissions><Create/><Read/><Update/><Delete/><Metadata/></DesignTimePermissions><RunTimePermissions/><VisibilityPermissions><Visibility/></VisibilityPermissions><ConfigurationTableDefinitions/><ConfigurationTables/><content><![CDATA[{
  "backgroundColor" : "rgba(245,87,77,1)",
  "displayString" : "",
  "fontEmphasisBold" : true,
  "fontEmphasisItalic" : false,
  "fontEmphasisUnderline" : false,
  "foregroundColor" : "rgba(255,255,255,1)",
  "lineColor" : "",
  "lineStyle" : "solid",
  "lineThickness" : 1,
  "secondaryBackgroundColor" : "",
  "textSize" : "large"
}]]></content><ConfigurationChanges><ConfigurationChange changeAction="CREATE" changeReason="header : name : updated&#10;" timestamp="2020-10-21T09:18:56.440Z" user="Prasoon Kumar"/><ConfigurationChange changeAction="MODIFY" changeReason="style : image : updated&#10;" timestamp="2020-10-21T09:19:02.379Z" user="Prasoon Kumar"/><ConfigurationChange changeAction="MODIFY" changeReason="style : foregroundColor : updated, textSize : updated, fontEmphasisBold : updated&#10;" timestamp="2020-10-21T09:19:16.561Z" user="Prasoon Kumar"/><ConfigurationChange changeAction="CREATE" changeReason="" timestamp="2020-10-29T09:27:45.957Z" user="Prasoon Kumar"/></ConfigurationChanges></StyleDefinition><StyleDefinition description="" documentationContent="" homeMashup="" lastModifiedDate="2020-10-29T09:27:45.979Z" name="ELGi.COMP.OrangeText.StyleDef" projectName="ELGi.comp.ELGiEcosystem.Project" tags="ELGi.comp.ELGiEcosystem.MTag:ELGiEcosystem"><Owner name="Prasoon Kumar" type="User"/><avatar/><DesignTimePermissions><Create/><Read/><Update/><Delete/><Metadata/></DesignTimePermissions><RunTimePermissions/><VisibilityPermissions><Visibility/></VisibilityPermissions><ConfigurationTableDefinitions/><ConfigurationTables/><content><![CDATA[{
  "backgroundColor" : "",
  "displayString" : "",
  "fontEmphasisBold" : false,
  "fontEmphasisItalic" : false,
  "fontEmphasisUnderline" : false,
  "foregroundColor" : "rgba(246,138,55,1)",
  "image" : "",
  "lineColor" : "",
  "lineStyle" : "solid",
  "lineThickness" : 1,
  "secondaryBackgroundColor" : "",
  "textSize" : "large"
}]]></content><ConfigurationChanges><ConfigurationChange changeAction="CREATE" changeReason="header : name : updated&#10;" timestamp="2020-09-04T15:07:02.755Z" user="Prasoon Kumar"/><ConfigurationChange changeAction="MODIFY" changeReason="style : foregroundColor : updated&#10;" timestamp="2020-09-04T15:07:14.041Z" user="Prasoon Kumar"/><ConfigurationChange changeAction="MODIFY" changeReason="style : textSize : updated&#10;" timestamp="2020-09-04T15:19:15.215Z" user="Prasoon Kumar"/><ConfigurationChange changeAction="MODIFY" changeReason="style : textSize : updated&#10;" timestamp="2020-10-18T08:04:35.755Z" user="Prasoon Kumar"/><ConfigurationChange changeAction="MODIFY" changeReason="style : fontEmphasisBold : updated&#10;" timestamp="2020-10-18T08:04:50.388Z" user="Prasoon Kumar"/><ConfigurationChange changeAction="MODIFY" changeReason="style : textSize : updated&#10;" timestamp="2020-10-18T08:06:32.618Z" user="Prasoon Kumar"/><ConfigurationChange changeAction="MODIFY" changeReason="style : textSize : updated&#10;" timestamp="2020-10-18T08:07:05.609Z" user="Prasoon Kumar"/><ConfigurationChange changeAction="MODIFY" changeReason="style : textSize : updated&#10;" timestamp="2020-10-18T08:12:46.793Z" user="Prasoon Kumar"/><ConfigurationChange changeAction="CREATE" changeReason="" timestamp="2020-10-29T09:27:45.979Z" user="Prasoon Kumar"/></ConfigurationChanges></StyleDefinition><StyleDefinition description="" documentationContent="" homeMashup="" lastModifiedDate="2020-10-29T09:27:45.955Z" name="ELGi.COMP.SubHeadBlack.StyleDef" projectName="ELGi.comp.ELGiEcosystem.Project" tags="ELGi.comp.ELGiEcosystem.MTag:ELGiEcosystem"><Owner name="Prasoon Kumar" type="User"/><avatar/><DesignTimePermissions><Create/><Read/><Update/><Delete/><Metadata/></DesignTimePermissions><RunTimePermissions/><VisibilityPermissions><Visibility/></VisibilityPermissions><ConfigurationTableDefinitions/><ConfigurationTables/><content><![CDATA[{
  "backgroundColor" : "",
  "displayString" : "",
  "fontEmphasisBold" : false,
  "fontEmphasisItalic" : false,
  "fontEmphasisUnderline" : false,
  "foregroundColor" : "rgba(0,0,0,1)",
  "image" : "",
  "lineColor" : "",
  "lineStyle" : "solid",
  "lineThickness" : "0.5",
  "secondaryBackgroundColor" : "",
  "textSize" : "large"
}]]></content><ConfigurationChanges><ConfigurationChange changeAction="CREATE" changeReason="header : name : updated&#10;" timestamp="2020-09-05T11:16:00.094Z" user="Ajay"/><ConfigurationChange changeAction="MODIFY" changeReason="style : fontEmphasisBold : updated, lineThickness : updated&#10;" timestamp="2020-09-05T11:29:45.155Z" user="Ajay"/><ConfigurationChange changeAction="CREATE" changeReason="" timestamp="2020-10-29T09:27:45.955Z" user="Prasoon Kumar"/></ConfigurationChanges></StyleDefinition><StyleDefinition description="" documentationContent="" homeMashup="" lastModifiedDate="2020-10-29T09:27:45.969Z" name="ELGi.COMP.RedText.StyleDef" projectName="ELGi.comp.ELGiEcosystem.Project" tags="ELGi.comp.ELGiEcosystem.MTag:ELGiEcosystem"><Owner name="Prasoon Kumar" type="User"/><avatar/><DesignTimePermissions><Create/><Read/><Update/><Delete/><Metadata/></DesignTimePermissions><RunTimePermissions/><VisibilityPermissions><Visibility/></VisibilityPermissions><ConfigurationTableDefinitions/><ConfigurationTables/><content><![CDATA[{
  "backgroundColor" : "",
  "displayString" : "",
  "fontEmphasisBold" : true,
  "fontEmphasisItalic" : false,
  "fontEmphasisUnderline" : false,
  "foregroundColor" : "rgba(229,11,11,1)",
  "image" : "",
  "lineColor" : "",
  "lineStyle" : "solid",
  "lineThickness" : 1,
  "secondaryBackgroundColor" : "",
  "textSize" : "normal"
}]]></content><ConfigurationChanges><ConfigurationChange changeAction="CREATE" changeReason="header : name : updated, tags : updated&#10;" timestamp="2020-09-04T15:06:33.523Z" user="Prasoon Kumar"/><ConfigurationChange changeAction="MODIFY" changeReason="style : lineColor : updated, backgroundColor : updated&#10;" timestamp="2020-09-04T15:06:45.640Z" user="Prasoon Kumar"/><ConfigurationChange changeAction="MODIFY" changeReason="style : textSize : updated&#10;" timestamp="2020-09-04T15:19:09.293Z" user="Prasoon Kumar"/><ConfigurationChange changeAction="MODIFY" changeReason="style : textSize : updated&#10;" timestamp="2020-10-18T08:04:24.232Z" user="Prasoon Kumar"/><ConfigurationChange changeAction="CREATE" changeReason="" timestamp="2020-10-29T09:27:45.969Z" user="Prasoon Kumar"/></ConfigurationChanges></StyleDefinition><StyleDefinition description="" documentationContent="" homeMashup="" lastModifiedDate="2020-10-29T09:27:45.970Z" name="ELGi.COMP.NoStyle.StyleDef" projectName="ELGi.comp.ELGiEcosystem.Project" tags="ELGiEcosystemTag:ELGiECoSystem"><Owner name="Prasoon Kumar" type="User"/><avatar/><DesignTimePermissions><Create/><Read/><Update/><Delete/><Metadata/></DesignTimePermissions><RunTimePermissions/><VisibilityPermissions><Visibility/></VisibilityPermissions><ConfigurationTableDefinitions/><ConfigurationTables/><content><![CDATA[{
  "backgroundColor" : "",
  "displayString" : "",
  "fontEmphasisBold" : false,
  "fontEmphasisItalic" : false,
  "fontEmphasisUnderline" : false,
  "foregroundColor" : "",
  "image" : "",
  "lineColor" : "",
  "lineStyle" : "solid",
  "lineThickness" : 1,
  "secondaryBackgroundColor" : "",
  "textSize" : "normal"
}]]></content><ConfigurationChanges><ConfigurationChange changeAction="CREATE" changeReason="" timestamp="2020-09-04T08:12:55.513Z" user="Prasoon Kumar"/><ConfigurationChange changeAction="CREATE" changeReason="" timestamp="2020-10-29T09:27:45.970Z" user="Prasoon Kumar"/></ConfigurationChanges></StyleDefinition></StyleDefinitions></Entities>