<?xml version="1.0" encoding="UTF-8" standalone="no"?><Entities build="b414" majorVersion="8" minorVersion="5" modelPersistenceProviderPackage="PostgresPersistenceProviderPackage" revision="8" schemaVersion="1054" universal="password"><Things><Thing description="Helper Services related to Rules Framework" documentationContent="" effectiveThingPackage="ConfiguredThing" enabled="true" homeMashup="" identifier="" lastModifiedDate="2020-11-18T15:37:34.536Z" name="ELGi.COMP.RulesLibrary.Thing" projectName="ELGi.comp.ELGiEcosystem.Project" published="false" tags="ELGiEcosystemTag:ELGiECoSystem" thingTemplate="GenericThing" valueStream=""><Owner name="Prasoon Kumar" type="User"/><avatar/><DesignTimePermissions><Create/><Read/><Update/><Delete/><Metadata/></DesignTimePermissions><RunTimePermissions/><VisibilityPermissions><Visibility/></VisibilityPermissions><ConfigurationTableDefinitions/><ConfigurationTables/><ThingShape><PropertyDefinitions/><ServiceDefinitions><ServiceDefinition aspect.isAsync="false" category="" description="" isAllowOverride="false" isLocalOnly="false" isOpen="false" isPrivate="false" name="CompressorRunningWithHighDischargeTempEightHours"><ResultType baseType="BOOLEAN" description="" name="result" ordinal="0"/><ParameterDefinitions><FieldDefinition baseType="STRING" description="" name="CompressorStatus" ordinal="5"/><FieldDefinition baseType="NUMBER" description="" name="DesignLimit" ordinal="3"/><FieldDefinition baseType="DATETIME" description="" name="end" ordinal="7"/><FieldDefinition baseType="DATETIME" description="" name="start" ordinal="6"/><FieldDefinition baseType="STRING" description="" name="thingName" ordinal="4"/></ParameterDefinitions></ServiceDefinition><ServiceDefinition aspect.isAsync="false" category="" description="" isAllowOverride="false" isLocalOnly="false" isOpen="false" isPrivate="false" name="CompressorRunningWithHighDischargeTempFourtyEightHours"><ResultType baseType="BOOLEAN" description="" name="result" ordinal="0"/><ParameterDefinitions><FieldDefinition baseType="STRING" description="" name="CompressorStatus" ordinal="5"/><FieldDefinition baseType="NUMBER" description="" name="DesignLimit" ordinal="3"/><FieldDefinition baseType="DATETIME" description="" name="end" ordinal="7"/><FieldDefinition baseType="DATETIME" description="" name="start" ordinal="6"/><FieldDefinition baseType="STRING" description="" name="thingName" ordinal="4"/></ParameterDefinitions></ServiceDefinition><ServiceDefinition aspect.isAsync="false" category="" description="" isAllowOverride="false" isLocalOnly="false" isOpen="false" isPrivate="false" name="CompressorRunningWithHighDischargeTempSixteenHours"><ResultType baseType="BOOLEAN" description="" name="result" ordinal="0"/><ParameterDefinitions><FieldDefinition baseType="STRING" description="" name="CompressorStatus" ordinal="5"/><FieldDefinition baseType="NUMBER" description="" name="DesignLimit" ordinal="3"/><FieldDefinition baseType="DATETIME" description="" name="end" ordinal="7"/><FieldDefinition baseType="DATETIME" description="" name="start" ordinal="6"/><FieldDefinition baseType="STRING" description="" name="thingName" ordinal="4"/></ParameterDefinitions></ServiceDefinition><ServiceDefinition aspect.isAsync="false" category="" description="" isAllowOverride="false" isLocalOnly="false" isOpen="false" isPrivate="false" name="CompressorRunningWithHighDischargeTempTwentyFourHours"><ResultType baseType="BOOLEAN" description="" name="result" ordinal="0"/><ParameterDefinitions><FieldDefinition baseType="STRING" description="" name="CompressorStatus" ordinal="5"/><FieldDefinition baseType="NUMBER" description="" name="DesignLimit" ordinal="3"/><FieldDefinition baseType="DATETIME" description="" name="end" ordinal="7"/><FieldDefinition baseType="DATETIME" description="" name="start" ordinal="6"/><FieldDefinition baseType="STRING" description="" name="thingName" ordinal="4"/></ParameterDefinitions></ServiceDefinition><ServiceDefinition aspect.isAsync="false" category="" description="" isAllowOverride="false" isLocalOnly="false" isOpen="false" isPrivate="false" name="ExecuteConditionBasedRules"><ResultType baseType="BOOLEAN" description="" name="result" ordinal="0"/><ParameterDefinitions><FieldDefinition baseType="STRING" description="" name="condition" ordinal="5"/><FieldDefinition baseType="STRING" description="" name="entity" ordinal="6"/><FieldDefinition baseType="NUMBER" description="" name="property01" ordinal="1"/><FieldDefinition baseType="NUMBER" description="" name="property02" ordinal="2"/><FieldDefinition baseType="NUMBER" description="" name="property03" ordinal="3"/><FieldDefinition baseType="NUMBER" description="" name="property04" ordinal="4"/><FieldDefinition baseType="STRING" description="" name="symptom" ordinal="7"/></ParameterDefinitions></ServiceDefinition><ServiceDefinition aspect.isAsync="false" category="ELGi" description="" isAllowOverride="false" isLocalOnly="false" isOpen="false" isPrivate="false" name="ExecuteRule_CoolerMotorOL"><ResultType baseType="BOOLEAN" description="" name="result" ordinal="0"/><ParameterDefinitions><FieldDefinition baseType="STRING" description="" name="entityName" ordinal="1"/><FieldDefinition baseType="STRING" description="" name="symptom" ordinal="2"/></ParameterDefinitions></ServiceDefinition><ServiceDefinition aspect.isAsync="false" category="ELGi" description="" isAllowOverride="false" isLocalOnly="false" isOpen="false" isPrivate="false" name="ExecuteRule_EG_Symp02"><ResultType baseType="INFOTABLE" description="" name="result" ordinal="0"/><ParameterDefinitions><FieldDefinition baseType="STRING" description="" name="entityName" ordinal="1"/><FieldDefinition baseType="STRING" description="" name="symptom" ordinal="2"/></ParameterDefinitions></ServiceDefinition><ServiceDefinition aspect.isAsync="false" category="ELGi" description="" isAllowOverride="false" isLocalOnly="false" isOpen="false" isPrivate="false" name="ExecuteRule_EG_Symp02_Case1"><ResultType baseType="BOOLEAN" description="" name="result" ordinal="0"/><ParameterDefinitions><FieldDefinition baseType="STRING" description="" name="entityName" ordinal="1"/><FieldDefinition baseType="STRING" description="" name="symptom" ordinal="2"/></ParameterDefinitions></ServiceDefinition><ServiceDefinition aspect.isAsync="false" category="ELGi" description="" isAllowOverride="false" isLocalOnly="false" isOpen="false" isPrivate="false" name="ExecuteRule_EG_Symp02_Case2"><ResultType baseType="BOOLEAN" description="" name="result" ordinal="0"/><ParameterDefinitions><FieldDefinition baseType="STRING" description="" name="entityName" ordinal="1"/><FieldDefinition baseType="STRING" description="" name="symptom" ordinal="2"/></ParameterDefinitions></ServiceDefinition><ServiceDefinition aspect.isAsync="false" category="ELGi" description="" isAllowOverride="false" isLocalOnly="false" isOpen="false" isPrivate="false" name="ExecuteRule_EG_Symp02_Case3"><ResultType baseType="BOOLEAN" description="" name="result" ordinal="0"/><ParameterDefinitions><FieldDefinition baseType="STRING" description="" name="entityName" ordinal="1"/><FieldDefinition baseType="STRING" description="" name="symptom" ordinal="2"/></ParameterDefinitions></ServiceDefinition><ServiceDefinition aspect.isAsync="false" category="ELGi" description="" isAllowOverride="false" isLocalOnly="false" isOpen="false" isPrivate="false" name="ExecuteRule_EG_Symp03"><ResultType baseType="INFOTABLE" description="" name="result" ordinal="0"/><ParameterDefinitions><FieldDefinition baseType="STRING" description="" name="entityName" ordinal="1"/><FieldDefinition baseType="STRING" description="" name="symptom" ordinal="2"/></ParameterDefinitions></ServiceDefinition><ServiceDefinition aspect.isAsync="false" category="ELGi" description="" isAllowOverride="false" isLocalOnly="false" isOpen="false" isPrivate="false" name="ExecuteRule_EG_Symp04_Case1"><ResultType baseType="BOOLEAN" description="" name="result" ordinal="0"/><ParameterDefinitions><FieldDefinition baseType="STRING" description="" name="entityName" ordinal="1"/><FieldDefinition baseType="STRING" description="" name="symptom" ordinal="2"/></ParameterDefinitions></ServiceDefinition><ServiceDefinition aspect.isAsync="false" category="ELGi" description="" isAllowOverride="false" isLocalOnly="false" isOpen="false" isPrivate="false" name="ExecuteRule_EG_Symp04_Case2"><ResultType baseType="BOOLEAN" description="" name="result" ordinal="0"/><ParameterDefinitions><FieldDefinition baseType="STRING" description="" name="entityName" ordinal="1"/><FieldDefinition baseType="STRING" description="" name="symptom" ordinal="2"/></ParameterDefinitions></ServiceDefinition><ServiceDefinition aspect.isAsync="false" category="ELGi" description="" isAllowOverride="false" isLocalOnly="false" isOpen="false" isPrivate="false" name="ExecuteRule_EG_Symp04_Case3"><ResultType baseType="BOOLEAN" description="" name="result" ordinal="0"/><ParameterDefinitions><FieldDefinition baseType="STRING" description="" name="entityName" ordinal="1"/><FieldDefinition baseType="STRING" description="" name="symptom" ordinal="2"/></ParameterDefinitions></ServiceDefinition><ServiceDefinition aspect.isAsync="false" category="ELGi" description="" isAllowOverride="false" isLocalOnly="false" isOpen="false" isPrivate="false" name="ExecuteRule_MainMotorOL"><ResultType baseType="BOOLEAN" description="" name="result" ordinal="0"/><ParameterDefinitions><FieldDefinition baseType="STRING" description="" name="entityName" ordinal="1"/><FieldDefinition baseType="STRING" description="" name="symptom" ordinal="2"/></ParameterDefinitions></ServiceDefinition><ServiceDefinition aspect.isAsync="false" category="" description="" isAllowOverride="false" isLocalOnly="false" isOpen="false" isPrivate="false" name="ExecuteRules"><ResultType baseType="INFOTABLE" description="" name="result" ordinal="0"/><ParameterDefinitions/></ServiceDefinition><ServiceDefinition aspect.isAsync="false" category="" description="" isAllowOverride="false" isLocalOnly="false" isOpen="false" isPrivate="false" name="GetActualConditionAsString"><ResultType baseType="STRING" description="" name="result" ordinal="0"/><ParameterDefinitions><FieldDefinition baseType="STRING" description="" name="condition" ordinal="5"/><FieldDefinition baseType="NUMBER" description="" name="id" ordinal="6"/><FieldDefinition baseType="STRING" description="" name="property01" ordinal="1"/><FieldDefinition baseType="STRING" description="" name="property02" ordinal="2"/><FieldDefinition baseType="STRING" description="" name="property03" ordinal="3"/><FieldDefinition baseType="STRING" description="" name="property04" ordinal="4"/></ParameterDefinitions></ServiceDefinition></ServiceDefinitions><EventDefinitions/><ServiceMappings/><ServiceImplementations><ServiceImplementation description="" handlerName="Script" name="CompressorRunningWithHighDischargeTempEightHours"><ConfigurationTables><ConfigurationTable description="" isMultiRow="false" name="Script" ordinal="0"><DataShape><FieldDefinitions><FieldDefinition baseType="STRING" description="code" name="code" ordinal="0"/></FieldDefinitions></DataShape><Rows><Row><code><![CDATA[try {
	// dateValue:DATETIME
	var end = new Date();
	// dateAddHours(dateValue:DATETIME, amount:NUMBER):STRING
	var start = dateAddHours(end, -8);

	Median_Ambient_Temperature = Things["ELGi.COMP.GenericHelper.Thing"].CalcMedian({
		propertyName: 'ambient_temperature' /* STRING */ ,
		MachineStatus: 'Load' /* STRING */ ,
		thingNames: thingName /* STRING */ ,
		startDate: start /* DATETIME */ ,
		endDate: end /* DATETIME */
	});

	Median_Discharge_Temperature = Things["ELGi.COMP.GenericHelper.Thing"].CalcMedian({
		propertyName: 'dis_temperature' /* STRING */ ,
		MachineStatus: 'Load' /* STRING */ ,
		thingNames: thingName /* STRING */ ,
		startDate: start /* DATETIME */ ,
		endDate: end /* DATETIME */
	});

	if (Median_Ambient_Temperature === null) {
		Median_Ambient_Temperature = 0;
	}

	if (Median_Discharge_Temperature === null) {
		Median_Discharge_Temperature = 0;
	}

	var result = false;
	var result_1 = med_dis_temp_avg > (med_amb_temp_avg + DesignLimit);
	var result_2 = med_dis_temp_avg > 90;
	if (result_1 && result_2) {
		result = true;
	}
	Things[thingName].high_DT_8Hrs = result;

	if (!result) {
		Things[thingName].high_DT_16Hrs = result;
		Things[thingName].high_DT_24Hrs = result;
		Things[thingName].high_DT_48Hrs = result;
	}

} catch (err) {}]]></code></Row></Rows></ConfigurationTable></ConfigurationTables></ServiceImplementation><ServiceImplementation description="" handlerName="Script" name="CompressorRunningWithHighDischargeTempFourtyEightHours"><ConfigurationTables><ConfigurationTable description="" isMultiRow="false" name="Script" ordinal="0"><DataShape><FieldDefinitions><FieldDefinition baseType="STRING" description="code" name="code" ordinal="0"/></FieldDefinitions></DataShape><Rows><Row><code><![CDATA[logger.debug("Inside 48Hr Service");

// dateValue:DATETIME
var end = new Date();
// dateAddDays(dateValue:DATETIME, amount:NUMBER):STRING
var start = dateAddDays(end, -2);

// result: INFOTABLE dataShape: "NumberValueStream"
var medDisTemp =  Things[thingName].QueryNumberPropertyHistory({
	oldestFirst: undefined /* BOOLEAN */,
	maxItems: undefined /* NUMBER */,
	propertyName: 'Median_Discharge_Temperature' /* STRING */,
	endDate: end /* DATETIME */,
	query: undefined /* QUERY */,
	startDate: start /* DATETIME */
});

var sum = 0;
var tableLength = medDisTemp.rows.length;
for (var x=0; x < tableLength; x++) {
    var row = medDisTemp.rows[x];
    sum = sum + row.value;    
}

var med_dis_temp_avg = 0;
if(tableLength !== 0){
	med_dis_temp_avg = sum/tableLength;
}

// result: INFOTABLE dataShape: "NumberValueStream"
var medAmbTemp =  Things[thingName].QueryNumberPropertyHistory({
	oldestFirst: undefined /* BOOLEAN */,
	maxItems: undefined /* NUMBER */,
	propertyName: 'Median_Ambient_Temperature' /* STRING */,
	endDate: end /* DATETIME */,
	query: undefined /* QUERY */,
	startDate: start /* DATETIME */
});

sum = 0;
tableLength = medAmbTemp.rows.length;
for (var y=0; y < tableLength; y++) {
    var row1 = medAmbTemp.rows[y];
    sum = sum + row1.value;    
}

var med_amb_temp_avg = 0;
if(tableLength !== 0){
	med_amb_temp_avg = sum/tableLength;
}

var result = false;
var result_1 = med_dis_temp_avg > ( med_amb_temp_avg + DesignLimit );
var result_2 = med_dis_temp_avg > 90;
if( result_1 && result_2 ){
	result = true;
} 
Things[thingName].high_DT_48Hrs = result;
]]></code></Row></Rows></ConfigurationTable></ConfigurationTables></ServiceImplementation><ServiceImplementation description="" handlerName="Script" name="CompressorRunningWithHighDischargeTempSixteenHours"><ConfigurationTables><ConfigurationTable description="" isMultiRow="false" name="Script" ordinal="0"><DataShape><FieldDefinitions><FieldDefinition baseType="STRING" description="code" name="code" ordinal="0"/></FieldDefinitions></DataShape><Rows><Row><code><![CDATA[
try {
	// sixteen hours  
//	currentDate = new Date();
//	currentDate.setDate(currentDate.getDate() - 1);
//	start = currentDate.setHours(0, 0, 0, 0);
//	endDate = new Date();
//	endDate.setHours(15, 59, 0, 0);
//	end = endDate;
//    
    // dateValue:DATETIME
	var end = new Date();
	// dateAddHours(dateValue:DATETIME, amount:NUMBER):STRING
	var start = dateAddHours(end, -16);

	Median_Ambient_Temperature = Things["ELGi.COMP.GenericHelper.Thing"].CalcMedian({
		propertyName: 'ambient_temperature' /* STRING */ ,
		MachineStatus: 'Running Status' /* STRING */ ,
		thingNames: thingName /* STRING */ ,
		startDate: start /* DATETIME */ ,
		endDate: end /* DATETIME */
	});	
    logger.debug("Median_Ambient_Temperature : "+Median_Ambient_Temperature);

	Median_Discharge_Temperature = Things["ELGi.COMP.GenericHelper.Thing"].CalcMedian({
		propertyName: 'dis_temperature' /* STRING */ ,
		MachineStatus: 'Running Status' /* STRING */ ,
		thingNames: thingName /* STRING */ ,
		startDate: start /* DATETIME */ ,
		endDate: end /* DATETIME */
	});
    
    logger.debug("Median_Discharge_Temperature : "+Median_Discharge_Temperature);
	
    if(Median_Ambient_Temperature === null){
    	Median_Ambient_Temperature = 0;        
    }
    
    if(Median_Discharge_Temperature === null){
    	Median_Discharge_Temperature = 0;        
    }
    
    var result = false;
	var result_1 = med_dis_temp_avg > (med_amb_temp_avg + DesignLimit);
	var result_2 = med_dis_temp_avg > 90;
	if (result_1 && result_2) {
		result = true;
	}
    
	Things[thingName].high_DT_16Hrs = result;
    
    if (!result) {		
		Things[thingName].high_DT_24Hrs = result;
		Things[thingName].high_DT_48Hrs = result;
	}

} catch (err) {
	logger.error("Error in CompressorRunningWithHighDischargeTempSixteenHours : "+err);
}]]></code></Row></Rows></ConfigurationTable></ConfigurationTables></ServiceImplementation><ServiceImplementation description="" handlerName="Script" name="CompressorRunningWithHighDischargeTempTwentyFourHours"><ConfigurationTables><ConfigurationTable description="" isMultiRow="false" name="Script" ordinal="0"><DataShape><FieldDefinitions><FieldDefinition baseType="STRING" description="code" name="code" ordinal="0"/></FieldDefinitions></DataShape><Rows><Row><code><![CDATA[// dateValue:DATETIME
var end = new Date();

// dateAddDays(dateValue:DATETIME, amount:NUMBER):STRING
var start = dateAddDays(end, -1);

// result: INFOTABLE dataShape: "NumberValueStream"
var medDisTemp = Things[thingName].QueryNumberPropertyHistory({
	oldestFirst: undefined /* BOOLEAN */ ,
	maxItems: undefined /* NUMBER */ ,
	propertyName: 'Median_Discharge_Temperature' /* STRING */ ,
	endDate: end /* DATETIME */ ,
	query: undefined /* QUERY */ ,
	startDate: start /* DATETIME */
});

var sum = 0;
var tableLength = medDisTemp.rows.length;
for (var x = 0; x < tableLength; x++) {
	var row = medDisTemp.rows[x];
	sum = sum + row.value;
}

var med_dis_temp_avg = 0;
if (tableLength !== 0) {
	med_dis_temp_avg = sum / tableLength;
}

// result: INFOTABLE dataShape: "NumberValueStream"
var medAmbTemp = Things[thingName].QueryNumberPropertyHistory({
	oldestFirst: undefined /* BOOLEAN */ ,
	maxItems: undefined /* NUMBER */ ,
	propertyName: 'Median_Ambient_Temperature' /* STRING */ ,
	endDate: end /* DATETIME */ ,
	query: undefined /* QUERY */ ,
	startDate: start /* DATETIME */
});

sum = 0;
tableLength = medAmbTemp.rows.length;
for (var y = 0; y < tableLength; y++) {
	var row1 = medAmbTemp.rows[y];
	sum = sum + row1.value;
}

var med_amb_temp_avg = 0;
if (tableLength !== 0) {
	med_amb_temp_avg = sum / tableLength;
}

var result = false;
var result_1 = med_dis_temp_avg > (med_amb_temp_avg + DesignLimit);
var result_2 = med_dis_temp_avg > 90;
if (result_1 && result_2) {
	result = true;
}
Things[thingName].high_DT_24Hrs = result;
if (!result) {
	Things[thingName].high_DT_48Hrs = result;
}]]></code></Row></Rows></ConfigurationTable></ConfigurationTables></ServiceImplementation><ServiceImplementation description="" handlerName="Script" name="ExecuteConditionBasedRules"><ConfigurationTables><ConfigurationTable description="" isMultiRow="false" name="Script" ordinal="0"><DataShape><FieldDefinitions><FieldDefinition baseType="STRING" description="code" name="code" ordinal="0"/></FieldDefinitions></DataShape><Rows><Row><code><![CDATA[var result;
if (condition === 'A > B') {
	result = property01 > property02;
} else if (condition === 'A > B + C') {
    logger.debug("Inside ELSEIF");
	if (symptom === 'Compressor running with high discharge temperature') {
        logger.debug("Inside Symp");
		if (!Things[entity].high_DT_48Hrs) {
            logger.debug("Inside 48HR");
			// result: STRING
			result = me.CompressorRunningWithHighDischargeTempFourtyEightHours({
				DesignLimit: property03 /* NUMBER */ ,
				CompressorStatus: undefined /* STRING */ ,
				start: undefined /* DATETIME */ ,
				end: undefined /* DATETIME */ ,
				thingName: entity /* STRING */
			});
		} else if (!Things[entity].high_DT_24Hrs) {                        
			// result: STRING
			result = me.CompressorRunningWithHighDischargeTempTwentyFourHours({
				DesignLimit: property03 /* NUMBER */ ,
				CompressorStatus: undefined /* STRING */ ,
				start: undefined /* DATETIME */ ,
				end: undefined /* DATETIME */ ,
				thingName: entity /* STRING */
			});
		} else if (!Things[entity].high_DT_16Hrs) {
            result = me.CompressorRunningWithHighDischargeTempSixteenHours({
				DesignLimit: property03 /* NUMBER */ ,
				CompressorStatus: undefined /* STRING */ ,
				start: undefined /* DATETIME */ ,
				end: undefined /* DATETIME */ ,
				thingName: entity /* STRING */
			});			
		} else {
			result = me.CompressorRunningWithHighDischargeTempEightHours({
				DesignLimit: property03 /* NUMBER */ ,
				CompressorStatus: undefined /* STRING */ ,
				start: undefined /* DATETIME */ ,
				end: undefined /* DATETIME */ ,
				thingName: entity /* STRING */
			});
		}
	} else {
		result = property01 > (property02 + property03);
	}
} else if (condition === 'A < B') {
	result = property01 < property02;
} else if (condition === 'A > B - C') {
	result = property01 > (property02 - property03);
} else if (condition === 'A < B - C') {
	result = property01 < (property02 - property03);
} else if (condition === 'Rated_pressure > A > Rated_pressure/1.2') {
	// result: INFOTABLE dataShape: ""
	result = Things["ELGi.COMP.RulesLibrary.Thing"].ExecuteRule_EG_Symp02_Case1({
		symptom: undefined /* STRING */ ,
		entityName: entity /* STRING */
	});
} else if (condition === 'Rated_pressure/1.2 > A > Rated_pressure/1.4') {
	// result: INFOTABLE dataShape: ""
	result = Things["ELGi.COMP.RulesLibrary.Thing"].ExecuteRule_EG_Symp02_Case2({
		symptom: undefined /* STRING */ ,
		entityName: entity /* STRING */
	});
} else if (condition === 'A < Rated_pressure/1.4') {
	// result: INFOTABLE dataShape: ""
	result = Things["ELGi.COMP.RulesLibrary.Thing"].ExecuteRule_EG_Symp02_Case3({
		symptom: undefined /* STRING */ ,
		entityName: entity /* STRING */
	});
} else if (condition === 'Main_Motor_OL > 3') {
	// result: INFOTABLE dataShape: ""
	result = Things["ELGi.COMP.RulesLibrary.Thing"].ExecuteRule_MainMotorOL({
		symptom: undefined /* STRING */ ,
		entityName: entity /* STRING */
	});
} else if (condition === 'Cooler_Motor_OL > 3') {
	// result: INFOTABLE dataShape: ""
	result = Things["ELGi.COMP.RulesLibrary.Thing"].ExecuteRule_CoolerMotorOL({
		symptom: undefined /* STRING */ ,
		entityName: entity /* STRING */
	});
} else {
	throw new Error('None of the condition matches. Please contact Administrator. ');
}
logger.debug("condition rule result : " + result + " , CONDITION : " + condition);]]></code></Row></Rows></ConfigurationTable></ConfigurationTables></ServiceImplementation><ServiceImplementation description="" handlerName="Script" name="ExecuteRule_CoolerMotorOL"><ConfigurationTables><ConfigurationTable description="" isMultiRow="false" name="Script" ordinal="0"><DataShape><FieldDefinitions><FieldDefinition baseType="STRING" description="code" name="code" ordinal="0"/></FieldDefinitions></DataShape><Rows><Row><code><![CDATA[var result = false;
if (entityName !== undefined && entityName !== 'undefined' && entityName !== null && entityName.trim() !== '') {

	var propertyName = 'fault_status';
	var dateValue = new Date();
	var dateValue1 = new Date();
	var startDate = dateValue.setHours(0, 0, 0, 0);
	var endDate = dateValue1.setHours(23, 59, 59, 0);

	var queryResult = Things[entityName].QueryIntegerPropertyHistory({
		oldestFirst: true /* BOOLEAN */ ,
		maxItems: undefined /* NUMBER */ ,
		propertyName: propertyName /* STRING */ ,
		endDate: endDate /* DATETIME */ ,
		query: undefined /* QUERY */ ,
		startDate: startDate /* DATETIME */
	});
	var tableLength = queryResult.rows.length;
	var count = 0;
	for (var x = 0; x < tableLength; x++) {
		var row = queryResult.rows[x];
		var binaryAsString = Things["ELGI.COMP.ThingModelHelper.Thing"].ConvertDecToBinary({
			decimalNumber: row.value /* INTEGER */
		});
		if (binaryAsString.charAt(1) === '1') {
			count++;
		}
	}
	if (count >= 3) {
		result = true;
	} else {
		result = false;
	}

} else {
	result = false;
}]]></code></Row></Rows></ConfigurationTable></ConfigurationTables></ServiceImplementation><ServiceImplementation description="" handlerName="Script" name="ExecuteRule_EG_Symp02"><ConfigurationTables><ConfigurationTable description="" isMultiRow="false" name="Script" ordinal="0"><DataShape><FieldDefinitions><FieldDefinition baseType="STRING" description="code" name="code" ordinal="0"/></FieldDefinitions></DataShape><Rows><Row><code><![CDATA[var rated_pressure = Things[entityName].Rated_pressure;
var median_dis_pressure = Things[entityName].Median_Discharge_Pressure;

// dateValue:DATETIME
var dateValue = new Date();
// Start and End Date of last 1 week
var startDate1 = dateAddDays(dateValue, -8);
var endDate1 = dateAddDays(dateValue, -1);

var query_Case1 = {
    "filters": {                         
                "type": "Between",
                "fieldName": "value",
        		"from": rated_pressure,
        		"to": rated_pressure/1.2        
    }
}; 

// result: INFOTABLE dataShape: "NumberValueStream"
var queryResult1 =  Things[entityName].QueryNumberPropertyHistory({
	oldestFirst: undefined /* BOOLEAN */,
	maxItems: undefined /* NUMBER */,
	propertyName: 'Median_Discharge_Pressure' /* STRING */,
	endDate: dateValue /* DATETIME */,
	query: query_Case1 /* QUERY */,
	startDate: startDate /* DATETIME */
});

// Start and End Date of last 2 weeks
var startDate2 = dateAddDays(dateValue, -15);
var endDate2 = dateAddDays(dateValue, -1);

var query_Case2 = {
    "filters": {
        "type": "Between",
        "fieldName": "value",
        "from": rated_pressure/1.2,
        "to": rated_pressure/1.4
    }
};

// result: INFOTABLE dataShape: "NumberValueStream"
var queryResult2 =  Things[entityName].QueryNumberPropertyHistory({
	oldestFirst: undefined /* BOOLEAN */,
	maxItems: undefined /* NUMBER */,
	propertyName: 'Median_Discharge_Pressure' /* STRING */,
	endDate: endDate2 /* DATETIME */,
	query: query_Case2 /* QUERY */,
	startDate: startDate2 /* DATETIME */
});

// Start and End Date of last 2 weeks
var startDate3 = dateAddDays(dateValue, -91);
var endDate3 = dateAddDays(dateValue, -1);

var query_Case3 = {
    "filters": {
        "type": "LT",
        "fieldName": "value",
        "value": rated_pressure/1.4        
    }
};

// result: INFOTABLE dataShape: "NumberValueStream"
var queryResult3 =  Things[entityName].QueryNumberPropertyHistory({
	oldestFirst: undefined /* BOOLEAN */,
	maxItems: undefined /* NUMBER */,
	propertyName: 'Median_Discharge_Pressure' /* STRING */,
	endDate: endDate3 /* DATETIME */,
	query: query_Case3 /* QUERY */,
	startDate: startDate3 /* DATETIME */
});


if(queryResult1.rows.length >= 2){
	//Trigger Alert    
	// result: JSON
	var alertResponse = Things["ELGI.COMP.ThirdPartyIntegrationHelper.Thing"].SendAlert({
		ticketNo: undefined /* STRING */ ,
		symptom: symptom /* STRING */ ,
		fabNumber: entityName /* STRING */ ,
        status: 'TRIGGER' /* STRING */
	});    
}
if(queryResult2.rows.length >= 3){
	//Trigger Alert    
	// result: JSON
	var alertResponse = Things["ELGI.COMP.ThirdPartyIntegrationHelper.Thing"].SendAlert({
		ticketNo: undefined /* STRING */ ,
		symptom: symptom /* STRING */ ,
		fabNumber: entityName /* STRING */ ,
        status: 'TRIGGER' /* STRING */
	});
}

if(queryResult3.rows.length >= 90){
	//Trigger Alert    
	// result: JSON
	var alertResponse = Things["ELGI.COMP.ThirdPartyIntegrationHelper.Thing"].SendAlert({
		ticketNo: undefined /* STRING */ ,
		symptom: symptom /* STRING */ ,
		fabNumber: entityName /* STRING */ ,
        status: 'TRIGGER' /* STRING */
	});
}]]></code></Row></Rows></ConfigurationTable></ConfigurationTables></ServiceImplementation><ServiceImplementation description="" handlerName="Script" name="ExecuteRule_EG_Symp02_Case1"><ConfigurationTables><ConfigurationTable description="" isMultiRow="false" name="Script" ordinal="0"><DataShape><FieldDefinitions><FieldDefinition baseType="STRING" description="code" name="code" ordinal="0"/></FieldDefinitions></DataShape><Rows><Row><code><![CDATA[var result = false;
var rated_pressure = Things[entityName].Rated_pressure;
var median_dis_pressure = Things[entityName].Median_Discharge_Pressure;

// dateValue:DATETIME
var dateValue = new Date();
// Start and End Date of last 1 week
var startDate = dateAddDays(dateValue, -91);
var endDate = dateAddDays(dateValue, -1);

var query_Case1 = {
    "filters": {                         
                "type": "Between",
                "fieldName": "value",
        		"from": rated_pressure,
        		"to": rated_pressure/1.2        
    }
}; 

// result: INFOTABLE dataShape: "NumberValueStream"
var queryResult1 =  Things[entityName].QueryNumberPropertyHistory({
	oldestFirst: undefined /* BOOLEAN */,
	maxItems: undefined /* NUMBER */,
	propertyName: 'Median_Discharge_Pressure' /* STRING */,
	endDate: dateValue /* DATETIME */,
	query: query_Case1 /* QUERY */,
	startDate: startDate /* DATETIME */
});

if(queryResult1.rows.length >= 2){
	result = true;
}]]></code></Row></Rows></ConfigurationTable></ConfigurationTables></ServiceImplementation><ServiceImplementation description="" handlerName="Script" name="ExecuteRule_EG_Symp02_Case2"><ConfigurationTables><ConfigurationTable description="" isMultiRow="false" name="Script" ordinal="0"><DataShape><FieldDefinitions><FieldDefinition baseType="STRING" description="code" name="code" ordinal="0"/></FieldDefinitions></DataShape><Rows><Row><code><![CDATA[var result = false;
var rated_pressure = Things[entityName].Rated_pressure;
var median_dis_pressure = Things[entityName].Median_Discharge_Pressure;

// dateValue:DATETIME
var dateValue = new Date();

// Start and End Date of last 2 weeks
var startDate = dateAddDays(dateValue, -15);
var endDate = dateAddDays(dateValue, -1);

var query_Case2 = {
    "filters": {
        "type": "Between",
        "fieldName": "value",
        "from": rated_pressure/1.2,
        "to": rated_pressure/1.4
    }
};

// result: INFOTABLE dataShape: "NumberValueStream"
var queryResult2 =  Things[entityName].QueryNumberPropertyHistory({
	oldestFirst: undefined /* BOOLEAN */,
	maxItems: undefined /* NUMBER */,
	propertyName: 'Median_Discharge_Pressure' /* STRING */,
	endDate: dateValue /* DATETIME */,
	query: query_Case2 /* QUERY */,
	startDate: startDate /* DATETIME */
});

if(queryResult2.rows.length >= 3){
	result = true;
}]]></code></Row></Rows></ConfigurationTable></ConfigurationTables></ServiceImplementation><ServiceImplementation description="" handlerName="Script" name="ExecuteRule_EG_Symp02_Case3"><ConfigurationTables><ConfigurationTable description="" isMultiRow="false" name="Script" ordinal="0"><DataShape><FieldDefinitions><FieldDefinition baseType="STRING" description="code" name="code" ordinal="0"/></FieldDefinitions></DataShape><Rows><Row><code><![CDATA[var result = false;
var rated_pressure = Things[entityName].Rated_pressure;
var median_dis_pressure = Things[entityName].Median_Discharge_Pressure;

// dateValue:DATETIME
var dateValue = new Date();

// Start and End Date of last 3 months
var startDate = dateAddDays(dateValue, -8);
var endDate = dateAddDays(dateValue, -1);

var query = {
    "filters": {
        "type": "LT",
        "fieldName": "value",
        "value": rated_pressure/1.4        
    }
};

// result: INFOTABLE dataShape: "NumberValueStream"
var queryResult3 =  Things[entityName].QueryNumberPropertyHistory({
	oldestFirst: undefined /* BOOLEAN */,
	maxItems: undefined /* NUMBER */,
	propertyName: 'Median_Discharge_Pressure' /* STRING */,
	endDate: dateValue /* DATETIME */,
	query: query /* QUERY */,
	startDate: startDate /* DATETIME */
});

if(queryResult3.rows.length >= 90){
	result = true;
}]]></code></Row></Rows></ConfigurationTable></ConfigurationTables></ServiceImplementation><ServiceImplementation description="" handlerName="Script" name="ExecuteRule_EG_Symp03"><ConfigurationTables><ConfigurationTable description="" isMultiRow="false" name="Script" ordinal="0"><DataShape><FieldDefinitions><FieldDefinition baseType="STRING" description="code" name="code" ordinal="0"/></FieldDefinitions></DataShape><Rows><Row><code><![CDATA[var sump_pressure = Things[entityName].sump_pressure;

// dateValue:DATETIME
var dateValue = new Date();
// Start and End Date of last 1 week
var startDate1 = dateAddDays(dateValue, -8);
var endDate1 = dateAddDays(dateValue, -1);

var query_Case1 = {
    "filters": {                         
                "type": "Between",
                "fieldName": "value",
        		"from": rated_pressure,
        		"to": rated_pressure/1.2        
    }
}; 

// result: INFOTABLE dataShape: "NumberValueStream"
var queryResult1 =  Things[entityName].QueryNumberPropertyHistory({
	oldestFirst: undefined /* BOOLEAN */,
	maxItems: undefined /* NUMBER */,
	propertyName: 'Median_Discharge_Pressure' /* STRING */,
	endDate: dateValue /* DATETIME */,
	query: query_Case1 /* QUERY */,
	startDate: startDate /* DATETIME */
});

// Start and End Date of last 2 weeks
var startDate2 = dateAddDays(dateValue, -15);
var endDate2 = dateAddDays(dateValue, -1);

var query_Case2 = {
    "filters": {
        "type": "Between",
        "fieldName": "value",
        "from": rated_pressure/1.2,
        "to": rated_pressure/1.4
    }
};

// result: INFOTABLE dataShape: "NumberValueStream"
var queryResult2 =  Things[entityName].QueryNumberPropertyHistory({
	oldestFirst: undefined /* BOOLEAN */,
	maxItems: undefined /* NUMBER */,
	propertyName: 'Median_Discharge_Pressure' /* STRING */,
	endDate: endDate2 /* DATETIME */,
	query: query_Case2 /* QUERY */,
	startDate: startDate2 /* DATETIME */
});

// Start and End Date of last 2 weeks
var startDate3 = dateAddDays(dateValue, -91);
var endDate3 = dateAddDays(dateValue, -1);

var query_Case3 = {
    "filters": {
        "type": "LT",
        "fieldName": "value",
        "value": rated_pressure/1.4        
    }
};

// result: INFOTABLE dataShape: "NumberValueStream"
var queryResult3 =  Things[entityName].QueryNumberPropertyHistory({
	oldestFirst: undefined /* BOOLEAN */,
	maxItems: undefined /* NUMBER */,
	propertyName: 'Median_Discharge_Pressure' /* STRING */,
	endDate: endDate3 /* DATETIME */,
	query: query_Case3 /* QUERY */,
	startDate: startDate3 /* DATETIME */
});


if(queryResult1.rows.length >= 2){
	//Trigger Alert    
	// result: JSON
	var alertResponse = Things["ELGI.COMP.ThirdPartyIntegrationHelper.Thing"].SendAlert({
		ticketNo: undefined /* STRING */ ,
		symptom: symptom /* STRING */ ,
		fabNumber: entityName /* STRING */ ,
        status: 'TRIGGER' /* STRING */
	});    
}
if(queryResult2.rows.length >= 3){
	//Trigger Alert    
	// result: JSON
	var alertResponse = Things["ELGI.COMP.ThirdPartyIntegrationHelper.Thing"].SendAlert({
		ticketNo: undefined /* STRING */ ,
		symptom: symptom /* STRING */ ,
		fabNumber: entityName /* STRING */ ,
        status: 'TRIGGER' /* STRING */
	});
}

if(queryResult3.rows.length >= 90){
	//Trigger Alert    
	// result: JSON
	var alertResponse = Things["ELGI.COMP.ThirdPartyIntegrationHelper.Thing"].SendAlert({
		ticketNo: undefined /* STRING */ ,
		symptom: symptom /* STRING */ ,
		fabNumber: entityName /* STRING */ ,
        status: 'TRIGGER' /* STRING */
	});
}]]></code></Row></Rows></ConfigurationTable></ConfigurationTables></ServiceImplementation><ServiceImplementation description="" handlerName="Script" name="ExecuteRule_EG_Symp04_Case1"><ConfigurationTables><ConfigurationTable description="" isMultiRow="false" name="Script" ordinal="0"><DataShape><FieldDefinitions><FieldDefinition baseType="STRING" description="code" name="code" ordinal="0"/></FieldDefinitions></DataShape><Rows><Row><code><![CDATA[var result = false;
var daily_load_count = Things[entityName].daily_load_count;

// dateValue:DATETIME
var dateValue = new Date();
// Start and End Date of last 1 week
var startDate1 = dateAddDays(dateValue, -8);
var endDate1 = dateAddDays(dateValue, -1);

var query_Case1 = {
    "filters": {                         
                "type": "GT",
                "fieldName": "value",
        		"value": 3000
    }
}; 

// result: INFOTABLE dataShape: "NumberValueStream"
var queryResult1 =  Things[entityName].QueryNumberPropertyHistory({
	oldestFirst: undefined /* BOOLEAN */,
	maxItems: undefined /* NUMBER */,
	propertyName: 'daily_load_count' /* STRING */,
	endDate: dateValue /* DATETIME */,
	query: query_Case1 /* QUERY */,
	startDate: startDate /* DATETIME */
});

if(queryResult1.rows.length >= 2){
	result = true;
}]]></code></Row></Rows></ConfigurationTable></ConfigurationTables></ServiceImplementation><ServiceImplementation description="" handlerName="Script" name="ExecuteRule_EG_Symp04_Case2"><ConfigurationTables><ConfigurationTable description="" isMultiRow="false" name="Script" ordinal="0"><DataShape><FieldDefinitions><FieldDefinition baseType="STRING" description="code" name="code" ordinal="0"/></FieldDefinitions></DataShape><Rows><Row><code><![CDATA[var result = false;
var daily_load_count = Things[entityName].daily_load_count;

// dateValue:DATETIME
var dateValue = new Date();
// Start and End Date of last 1 week
var startDate = dateAddDays(dateValue, -15);
var endDate = dateAddDays(dateValue, -1);

var query_Case2 = {
    "filters": {                         
                "type": "BETWEEN",
                "fieldName": "value",
        		"from": 1500,
        		"to": 3000
    }
}; 

// result: INFOTABLE dataShape: "NumberValueStream"
var queryResult1 =  Things[entityName].QueryNumberPropertyHistory({
	oldestFirst: undefined /* BOOLEAN */,
	maxItems: undefined /* NUMBER */,
	propertyName: 'daily_load_count' /* STRING */,
	endDate: dateValue /* DATETIME */,
	query: query_Case2 /* QUERY */,
	startDate: startDate /* DATETIME */
});

if(queryResult1.rows.length >= 8){
	result = true;
}]]></code></Row></Rows></ConfigurationTable></ConfigurationTables></ServiceImplementation><ServiceImplementation description="" handlerName="Script" name="ExecuteRule_EG_Symp04_Case3"><ConfigurationTables><ConfigurationTable description="" isMultiRow="false" name="Script" ordinal="0"><DataShape><FieldDefinitions><FieldDefinition baseType="STRING" description="code" name="code" ordinal="0"/></FieldDefinitions></DataShape><Rows><Row><code><![CDATA[var result = false;
var daily_load_count = Things[entityName].daily_load_count;

// dateValue:DATETIME
var dateValue = new Date();
// Start and End Date of last 1 week
var startDate = dateAddDays(dateValue, -31);
var endDate = dateAddDays(dateValue, -1);

var query_Case3 = {
    "filters": {                         
                "type": "BETWEEN",
                "fieldName": "value",
        		"from": 1000,
        		"to": 1500
    }
}; 

// result: INFOTABLE dataShape: "NumberValueStream"
var queryResult =  Things[entityName].QueryNumberPropertyHistory({
	oldestFirst: undefined /* BOOLEAN */,
	maxItems: undefined /* NUMBER */,
	propertyName: 'daily_load_count' /* STRING */,
	endDate: dateValue /* DATETIME */,
	query: query_Case3 /* QUERY */,
	startDate: startDate /* DATETIME */
});

if(queryResult.rows.length >= 15){
	result = true;
}]]></code></Row></Rows></ConfigurationTable></ConfigurationTables></ServiceImplementation><ServiceImplementation description="" handlerName="Script" name="ExecuteRule_MainMotorOL"><ConfigurationTables><ConfigurationTable description="" isMultiRow="false" name="Script" ordinal="0"><DataShape><FieldDefinitions><FieldDefinition baseType="STRING" description="code" name="code" ordinal="0"/></FieldDefinitions></DataShape><Rows><Row><code><![CDATA[var result = false;
if (entityName !== undefined && entityName !== 'undefined' && entityName !== null && entityName.trim() !== '') {

	var propertyName = 'fault_status';
	var dateValue = new Date();
	var dateValue1 = new Date();
	var startDate = dateValue.setHours(0, 0, 0, 0);
	var endDate = dateValue1.setHours(23, 59, 59, 0);

	var queryResult = Things[entityName].QueryIntegerPropertyHistory({
		oldestFirst: true /* BOOLEAN */ ,
		maxItems: undefined /* NUMBER */ ,
		propertyName: propertyName /* STRING */ ,
		endDate: endDate /* DATETIME */ ,
		query: undefined /* QUERY */ ,
		startDate: startDate /* DATETIME */
	});
	var tableLength = queryResult.rows.length;
	var count = 0;
	for (var x = 0; x < tableLength; x++) {
		var row = queryResult.rows[x];
		var binaryAsString = Things["ELGI.COMP.ThingModelHelper.Thing"].ConvertDecToBinary({
			decimalNumber: row.value /* INTEGER */
		});
		if (binaryAsString.charAt(2) === '1') {
			count++;
		}
	}
	if (count >= 3) {
		result = true;
	} else {
		result = false;
	}

} else {
	result = false;
}]]></code></Row></Rows></ConfigurationTable></ConfigurationTables></ServiceImplementation><ServiceImplementation description="" handlerName="Script" name="ExecuteRules"><ConfigurationTables><ConfigurationTable description="" isMultiRow="false" name="Script" ordinal="0"><DataShape><FieldDefinitions><FieldDefinition baseType="STRING" description="code" name="code" ordinal="0"/></FieldDefinitions></DataShape><Rows><Row><code><![CDATA[var query = {
	"filters" : {
    	"type": "EQ",
      	"fieldName": "Frequency",
      	"value": "24Hours"
    }
};
// result: INFOTABLE dataShape: ""
var result =  Things["ELGi.COMP.MasterRulesDefinition.DT"].QueryDataTableEntries({
	maxItems: undefined /* NUMBER */,
	values: undefined /* INFOTABLE */,
	query: query /* QUERY */,
	source: undefined /* STRING */,
	tags: undefined /* TAGS */
});]]></code></Row></Rows></ConfigurationTable></ConfigurationTables></ServiceImplementation><ServiceImplementation description="" handlerName="Script" name="GetActualConditionAsString"><ConfigurationTables><ConfigurationTable description="" isMultiRow="false" name="Script" ordinal="0"><DataShape><FieldDefinitions><FieldDefinition baseType="STRING" description="code" name="code" ordinal="0"/></FieldDefinitions></DataShape><Rows><Row><code><![CDATA[var result;
if( condition === 'A > B' ){
	result = property01 + ' > ' + property02;
} else if( condition === 'A > B + C' ){
	result = property01 + ' > ( '+ property02 + ' + ' + property03 + ')';
} else if( condition === 'A < B' ){
	result = property01 + ' < ' + property02;
} else if( condition === 'A > B - C' ){
	result = property01 + ' > ( '+ property02 + ' - ' + property03 + ')';
} else if( id === 6 ){
	result = 'Rated_pressure > '+A+' > Rated_pressure/1.2';
} else if( id === 7 ){
	result = 'Rated_pressure1.2 > '+A+' > Rated_pressure/1.4';
} else if( id === 8 ){
	result = A+' < Rated_pressure/1.4';
} else{
	throw new Error('None of the condition matches. Please contact Administrator. ');
}]]></code></Row></Rows></ConfigurationTable></ConfigurationTables></ServiceImplementation></ServiceImplementations><Subscriptions/></ThingShape><PropertyBindings/><RemotePropertyBindings/><RemoteServiceBindings/><RemoteEventBindings/><AlertConfigurations/><ImplementedShapes/><ThingProperties/><ConfigurationChanges><ConfigurationChange changeAction="CREATE" changeReason="" timestamp="2020-10-29T10:47:40.354Z" user="Prasoon Kumar"/><ConfigurationChange changeAction="MODIFY" changeReason="services : ExecuteConditionBasedRules : input parameter symptom added, inputs updated&#10;" timestamp="2020-11-12T07:00:06.304Z" user="Prasoon Kumar"/><ConfigurationChange changeAction="MODIFY" changeReason="services : ExecuteConditionBasedRules : service updated&#10;" timestamp="2020-11-12T07:15:46.556Z" user="Prasoon Kumar"/><ConfigurationChange changeAction="MODIFY" changeReason="services : CompressorRunningWithHighDischargeTempFourtyEightHours : service updated&#10;" timestamp="2020-11-12T07:18:10.282Z" user="Prasoon Kumar"/><ConfigurationChange changeAction="MODIFY" changeReason="services : ExecuteConditionBasedRules : service updated&#10;CompressorRunningWithHighDischargeTempFourtyEightHours : input parameter thingName updated, inputs updated&#10;" timestamp="2020-11-12T07:29:54.258Z" user="Prasoon Kumar"/><ConfigurationChange changeAction="MODIFY" changeReason="services : CompressorRunningWithHighDischargeTempFourtyEightHours : service updated&#10;" timestamp="2020-11-12T07:31:36.401Z" user="Prasoon Kumar"/><ConfigurationChange changeAction="MODIFY" changeReason="services : CompressorRunningWithHighDischargeTempFourtyEightHours : service updated&#10;" timestamp="2020-11-12T07:35:02.507Z" user="Prasoon Kumar"/><ConfigurationChange changeAction="MODIFY" changeReason="services : CompressorRunningWithHighDischargeTempFourtyEightHours : input parameter Ambient deleted, inputs updated, input parameter Discharge deleted, inputs updated&#10;" timestamp="2020-11-12T07:35:40.674Z" user="Prasoon Kumar"/><ConfigurationChange changeAction="MODIFY" changeReason="services : ExecuteConditionBasedRules : service updated&#10;" timestamp="2020-11-12T07:47:59.340Z" user="Prasoon Kumar"/><ConfigurationChange changeAction="MODIFY" changeReason="services : ExecuteConditionBasedRules : service updated&#10;" timestamp="2020-11-12T08:04:59.315Z" user="Prasoon Kumar"/><ConfigurationChange changeAction="MODIFY" changeReason="services : ExecuteConditionBasedRules : service updated&#10;" timestamp="2020-11-12T08:05:34.028Z" user="Prasoon Kumar"/><ConfigurationChange changeAction="MODIFY" changeReason="services : ExecuteConditionBasedRules : service updated&#10;" timestamp="2020-11-12T08:06:04.765Z" user="Prasoon Kumar"/><ConfigurationChange changeAction="MODIFY" changeReason="services : ExecuteConditionBasedRules : service updated&#10;" timestamp="2020-11-12T08:07:47.375Z" user="Prasoon Kumar"/><ConfigurationChange changeAction="MODIFY" changeReason="services : ExecuteConditionBasedRules : service updated&#10;" timestamp="2020-11-12T08:08:16.474Z" user="Prasoon Kumar"/><ConfigurationChange changeAction="MODIFY" changeReason="services : CompressorRunningWithHighDischargeTempFourtyEightHours : service updated&#10;CompressorRunningWithHighDischargeTempTwentyFourHours : input parameter Ambient deleted, inputs updated, input parameter Discharge deleted, inputs updated, input parameter thingName updated, inputs updated&#10;" timestamp="2020-11-12T08:08:58.884Z" user="Prasoon Kumar"/><ConfigurationChange changeAction="MODIFY" changeReason="services : CompressorRunningWithHighDischargeTempTwentyFourHours : service updated&#10;" timestamp="2020-11-12T08:09:06.277Z" user="Prasoon Kumar"/><ConfigurationChange changeAction="MODIFY" changeReason="services : CompressorRunningWithHighDischargeTempTwentyFourHours : service updated&#10;" timestamp="2020-11-12T08:09:29.407Z" user="Prasoon Kumar"/><ConfigurationChange changeAction="MODIFY" changeReason="services : CompressorRunningWithHighDischargeTempSixteenHours : input parameter thingName updated, inputs updated, input parameter Ambient deleted, inputs updated, input parameter Discharge deleted, inputs updated&#10;" timestamp="2020-11-12T08:11:09.184Z" user="Prasoon Kumar"/><ConfigurationChange changeAction="MODIFY" changeReason="services : CompressorRunningWithHighDischargeTempSixteenHours : service updated&#10;" timestamp="2020-11-12T08:12:00.055Z" user="Prasoon Kumar"/><ConfigurationChange changeAction="MODIFY" changeReason="services : CompressorRunningWithHighDischargeTempSixteenHours : service updated&#10;" timestamp="2020-11-12T08:13:54.192Z" user="Prasoon Kumar"/><ConfigurationChange changeAction="MODIFY" changeReason="services : CompressorRunningWithHighDischargeTempSixteenHours : service updated&#10;" timestamp="2020-11-12T08:14:51.548Z" user="Prasoon Kumar"/><ConfigurationChange changeAction="MODIFY" changeReason="services : CompressorRunningWithHighDischargeTempSixteenHours : service updated&#10;CompressorRunningWithHighDischargeTempEightHours : input parameter Ambient deleted, inputs updated, input parameter Discharge deleted, inputs updated, input parameter thingName updated, inputs updated&#10;" timestamp="2020-11-12T08:16:55.301Z" user="Prasoon Kumar"/><ConfigurationChange changeAction="MODIFY" changeReason="services : CompressorRunningWithHighDischargeTempEightHours : service updated&#10;" timestamp="2020-11-12T08:17:44.296Z" user="Prasoon Kumar"/><ConfigurationChange changeAction="MODIFY" changeReason="services : CompressorRunningWithHighDischargeTempTwentyFourHours : service updated&#10;" timestamp="2020-11-12T08:19:58.971Z" user="Prasoon Kumar"/><ConfigurationChange changeAction="MODIFY" changeReason="services : CompressorRunningWithHighDischargeTempEightHours : service updated&#10;" timestamp="2020-11-12T08:20:19.286Z" user="Prasoon Kumar"/><ConfigurationChange changeAction="MODIFY" changeReason="services : CompressorRunningWithHighDischargeTempSixteenHours : service updated&#10;" timestamp="2020-11-12T08:20:38.805Z" user="Prasoon Kumar"/><ConfigurationChange changeAction="MODIFY" changeReason="services : ExecuteConditionBasedRules : service updated&#10;" timestamp="2020-11-12T08:21:48.120Z" user="Prasoon Kumar"/><ConfigurationChange changeAction="MODIFY" changeReason="services : ExecuteConditionBasedRules : service updated&#10;CompressorRunningWithHighDischargeTempEightHours : output updated&#10;CompressorRunningWithHighDischargeTempFourtyEightHours : output updated&#10;CompressorRunningWithHighDischargeTempSixteenHours : output updated&#10;CompressorRunningWithHighDischargeTempTwentyFourHours : output updated&#10;" timestamp="2020-11-12T08:22:46.584Z" user="Prasoon Kumar"/><ConfigurationChange changeAction="MODIFY" changeReason="services : ExecuteConditionBasedRules : service updated&#10;" timestamp="2020-11-12T08:24:40.150Z" user="Prasoon Kumar"/><ConfigurationChange changeAction="MODIFY" changeReason="services : CompressorRunningWithHighDischargeTempEightHours : service updated&#10;" timestamp="2020-11-12T08:40:15.577Z" user="Prasoon Kumar"/><ConfigurationChange changeAction="MODIFY" changeReason="services : CompressorRunningWithHighDischargeTempEightHours : service updated&#10;" timestamp="2020-11-12T08:40:31.126Z" user="Prasoon Kumar"/><ConfigurationChange changeAction="MODIFY" changeReason="services : ExecuteConditionBasedRules : service updated&#10;" timestamp="2020-11-18T09:02:36.404Z" user="Prasoon Kumar"/><ConfigurationChange changeAction="MODIFY" changeReason="services : CompressorRunningWithHighDischargeTempFourtyEightHours : service updated&#10;" timestamp="2020-11-18T09:03:43.990Z" user="Prasoon Kumar"/><ConfigurationChange changeAction="MODIFY" changeReason="services : ExecuteConditionBasedRules : service updated&#10;" timestamp="2020-11-18T09:47:12.565Z" user="Prasoon Kumar"/><ConfigurationChange changeAction="MODIFY" changeReason="services : CompressorRunningWithHighDischargeTempFourtyEightHours : service updated&#10;" timestamp="2020-11-18T09:48:55.889Z" user="Prasoon Kumar"/><ConfigurationChange changeAction="MODIFY" changeReason="services : CompressorRunningWithHighDischargeTempFourtyEightHours : service updated&#10;" timestamp="2020-11-18T09:49:34.410Z" user="Prasoon Kumar"/><ConfigurationChange changeAction="MODIFY" changeReason="services : CompressorRunningWithHighDischargeTempFourtyEightHours : service updated&#10;" timestamp="2020-11-18T09:56:38.519Z" user="Prasoon Kumar"/><ConfigurationChange changeAction="MODIFY" changeReason="services : CompressorRunningWithHighDischargeTempTwentyFourHours : service updated&#10;" timestamp="2020-11-18T09:57:51.310Z" user="Prasoon Kumar"/><ConfigurationChange changeAction="MODIFY" changeReason="services : CompressorRunningWithHighDischargeTempSixteenHours : service updated&#10;" timestamp="2020-11-18T09:59:01.980Z" user="Prasoon Kumar"/><ConfigurationChange changeAction="MODIFY" changeReason="services : CompressorRunningWithHighDischargeTempEightHours : service updated&#10;" timestamp="2020-11-18T10:00:03.515Z" user="Prasoon Kumar"/><ConfigurationChange changeAction="MODIFY" changeReason="services : ExecuteConditionBasedRules : service updated&#10;" timestamp="2020-11-18T10:06:45.927Z" user="Prasoon Kumar"/><ConfigurationChange changeAction="MODIFY" changeReason="services : ExecuteConditionBasedRules : service updated&#10;" timestamp="2020-11-18T10:24:42.251Z" user="Prasoon Kumar"/><ConfigurationChange changeAction="MODIFY" changeReason="services : CompressorRunningWithHighDischargeTempSixteenHours : service updated&#10;" timestamp="2020-11-18T10:27:33.241Z" user="Prasoon Kumar"/><ConfigurationChange changeAction="MODIFY" changeReason="services : ExecuteConditionBasedRules : service updated&#10;" timestamp="2020-11-18T11:04:35.809Z" user="Prasoon Kumar"/><ConfigurationChange changeAction="MODIFY" changeReason="services : CompressorRunningWithHighDischargeTempSixteenHours : service updated&#10;" timestamp="2020-11-18T11:08:27.959Z" user="Prasoon Kumar"/><ConfigurationChange changeAction="MODIFY" changeReason="services : CompressorRunningWithHighDischargeTempSixteenHours : service updated&#10;" timestamp="2020-11-18T11:46:44.003Z" user="Prasoon Kumar"/><ConfigurationChange changeAction="MODIFY" changeReason="services : CompressorRunningWithHighDischargeTempSixteenHours : service updated&#10;" timestamp="2020-11-18T11:47:00.273Z" user="Prasoon Kumar"/><ConfigurationChange changeAction="MODIFY" changeReason="services : CompressorRunningWithHighDischargeTempSixteenHours : service updated&#10;" timestamp="2020-11-18T11:52:55.875Z" user="Prasoon Kumar"/><ConfigurationChange changeAction="MODIFY" changeReason="services : CompressorRunningWithHighDischargeTempEightHours : service updated&#10;" timestamp="2020-11-18T12:12:54.793Z" user="Prasoon Kumar"/><ConfigurationChange changeAction="MODIFY" changeReason="services : CompressorRunningWithHighDischargeTempEightHours : service updated&#10;" timestamp="2020-11-18T12:13:09.096Z" user="Prasoon Kumar"/><ConfigurationChange changeAction="MODIFY" changeReason="services : CompressorRunningWithHighDischargeTempFourtyEightHours : service updated&#10;" timestamp="2020-11-18T15:26:18.572Z" user="Prasoon Kumar"/><ConfigurationChange changeAction="MODIFY" changeReason="services : CompressorRunningWithHighDischargeTempFourtyEightHours : service updated&#10;" timestamp="2020-11-18T15:26:27.130Z" user="Prasoon Kumar"/><ConfigurationChange changeAction="MODIFY" changeReason="services : CompressorRunningWithHighDischargeTempFourtyEightHours : service updated&#10;" timestamp="2020-11-18T15:27:31.781Z" user="Prasoon Kumar"/><ConfigurationChange changeAction="MODIFY" changeReason="services : CompressorRunningWithHighDischargeTempTwentyFourHours : service updated&#10;" timestamp="2020-11-18T15:28:23.651Z" user="Prasoon Kumar"/><ConfigurationChange changeAction="MODIFY" changeReason="services : CompressorRunningWithHighDischargeTempEightHours : service updated&#10;" timestamp="2020-11-18T15:29:32.306Z" user="Prasoon Kumar"/></ConfigurationChanges></Thing></Things></Entities>