<?xml version="1.0" encoding="UTF-8" standalone="no"?><Entities build="b414" majorVersion="8" minorVersion="5" modelPersistenceProviderPackage="PostgresPersistenceProviderPackage" revision="8" schemaVersion="1054" universal="password"><Things><Thing description="Maintains a list of Contants used in Calculations" documentationContent="" effectiveThingPackage="ConfiguredThing" enabled="true" homeMashup="" identifier="" lastModifiedDate="2020-10-29T10:47:40.372Z" name="ELGi.COMP.CalculationConstants.Thing" projectName="ELGi.comp.ELGiEcosystem.Project" published="false" tags="ELGiEcosystemTag:ELGiECoSystem" thingTemplate="GenericThing" valueStream=""><Owner name="Prasoon Kumar" type="User"/><avatar/><DesignTimePermissions><Create/><Read/><Update/><Delete/><Metadata/></DesignTimePermissions><RunTimePermissions/><VisibilityPermissions><Visibility/></VisibilityPermissions><ConfigurationTableDefinitions/><ConfigurationTables/><ThingShape><PropertyDefinitions><PropertyDefinition aspect.cacheTime="0.0" aspect.dataChangeType="VALUE" aspect.isPersistent="true" aspect.units="bar(g)" baseType="NUMBER" category="" description="" isLocalOnly="false" name="DP_High_Prediction_Limit" ordinal="16"/><PropertyDefinition aspect.cacheTime="0.0" aspect.dataChangeType="VALUE" aspect.isPersistent="true" aspect.units="bar(g)" baseType="NUMBER" category="" description="FSOP_Prediction_Limit&#10;FSOP_Deterioration_Limit" isLocalOnly="false" name="FSOP_Deterioration_Limit" ordinal="3"/><PropertyDefinition aspect.cacheTime="0.0" aspect.dataChangeType="VALUE" aspect.isPersistent="true" aspect.units="bar(g)" baseType="NUMBER" category="" description="" isLocalOnly="false" name="FSOP_Prediction_Limit" ordinal="2"/><PropertyDefinition aspect.cacheTime="0.0" aspect.dataChangeType="VALUE" aspect.isPersistent="true" aspect.units="bar(g)" baseType="NUMBER" category="" description="" isLocalOnly="false" name="OP_High_Deterioration_Limit" ordinal="11"/><PropertyDefinition aspect.cacheTime="0.0" aspect.dataChangeType="VALUE" aspect.isPersistent="true" aspect.units="bar(g)" baseType="NUMBER" category="" description="" isLocalOnly="false" name="OP_High_Prediction_Limit" ordinal="10"/><PropertyDefinition aspect.cacheTime="0.0" aspect.dataChangeType="VALUE" aspect.isPersistent="true" aspect.units="bar(g)" baseType="NUMBER" category="" description="" isLocalOnly="false" name="OP_Low_Deterioration_Limit" ordinal="9"/><PropertyDefinition aspect.cacheTime="0.0" aspect.dataChangeType="VALUE" aspect.isPersistent="true" aspect.units="bar(g)" baseType="NUMBER" category="" description="" isLocalOnly="false" name="OP_Low_Prediction_Limit" ordinal="8"/><PropertyDefinition aspect.cacheTime="0.0" aspect.dataChangeType="VALUE" aspect.isPersistent="true" aspect.units="celsius" baseType="NUMBER" category="" description="" isLocalOnly="false" name="OT_High_Deterioration_Limit" ordinal="23"/><PropertyDefinition aspect.cacheTime="0.0" aspect.dataChangeType="VALUE" aspect.isPersistent="true" aspect.units="celsius" baseType="NUMBER" category="" description="" isLocalOnly="false" name="OT_High_Prediction_Limit" ordinal="22"/><PropertyDefinition aspect.cacheTime="0.0" aspect.dataChangeType="VALUE" aspect.isPersistent="true" aspect.units="celsius" baseType="NUMBER" category="" description="" isLocalOnly="false" name="SSDT_Deterioration_Limit" ordinal="7"/><PropertyDefinition aspect.cacheTime="0.0" aspect.dataChangeType="VALUE" aspect.isPersistent="true" aspect.units="celsius" baseType="NUMBER" category="" description="" isLocalOnly="false" name="SSDT_Prediction_Limit" ordinal="6"/><PropertyDefinition aspect.cacheTime="0.0" aspect.dataChangeType="VALUE" aspect.isPersistent="true" aspect.units="bar(g)" baseType="NUMBER" category="" description="" isLocalOnly="false" name="SSIP_Deterioration_Limit" ordinal="5"/><PropertyDefinition aspect.cacheTime="0.0" aspect.dataChangeType="VALUE" aspect.isPersistent="true" aspect.units="bar(g)" baseType="NUMBER" category="" description="" isLocalOnly="false" name="SSIP_Prediction_Limit" ordinal="4"/><PropertyDefinition aspect.cacheTime="0.0" aspect.dataChangeType="VALUE" aspect.isPersistent="true" aspect.units="celsius" baseType="NUMBER" category="" description="" isLocalOnly="false" name="SSIT_Deterioration_Limit" ordinal="19"/><PropertyDefinition aspect.cacheTime="0.0" aspect.dataChangeType="VALUE" aspect.isPersistent="true" aspect.units="celsius" baseType="NUMBER" category="" description="" isLocalOnly="false" name="SSIT_Prediction_Limit" ordinal="18"/><PropertyDefinition aspect.cacheTime="0.0" aspect.dataChangeType="VALUE" aspect.isPersistent="true" aspect.units="celsius" baseType="NUMBER" category="" description="" isLocalOnly="false" name="SSOT_Deterioration_Limit" ordinal="21"/><PropertyDefinition aspect.cacheTime="0.0" aspect.dataChangeType="VALUE" aspect.isPersistent="true" aspect.units="celsius" baseType="NUMBER" category="" description="" isLocalOnly="false" name="SSOT_Prediction_Limit" ordinal="20"/><PropertyDefinition aspect.cacheTime="0.0" aspect.dataChangeType="VALUE" aspect.isPersistent="true" aspect.units="bar(g)" baseType="NUMBER" category="" description="" isLocalOnly="false" name="WaterIP_High_Deterioration_Limit" ordinal="15"/><PropertyDefinition aspect.cacheTime="0.0" aspect.dataChangeType="VALUE" aspect.isPersistent="true" aspect.units="bar(g)" baseType="NUMBER" category="" description="" isLocalOnly="false" name="WaterIP_High_Prediction_Limit" ordinal="14"/><PropertyDefinition aspect.cacheTime="0.0" aspect.dataChangeType="VALUE" aspect.isPersistent="true" aspect.units="bar(g)" baseType="NUMBER" category="" description="&#10;&#10;WaterIP_High_Prediction_Limit&#10;WaterIP_High_Deterioration_Limit" isLocalOnly="false" name="WaterIP_Low_Deterioration_Limit" ordinal="13"/><PropertyDefinition aspect.cacheTime="0.0" aspect.dataChangeType="VALUE" aspect.isPersistent="true" aspect.units="bar(g)" baseType="NUMBER" category="" description="&#10;&#10;WaterIP_High_Prediction_Limit&#10;WaterIP_High_Deterioration_Limit" isLocalOnly="false" name="WaterIP_Low_Prediction_Limit" ordinal="12"/></PropertyDefinitions><ServiceDefinitions/><EventDefinitions/><ServiceMappings/><ServiceImplementations/><Subscriptions/></ThingShape><PropertyBindings/><RemotePropertyBindings/><RemoteServiceBindings/><RemoteEventBindings/><AlertConfigurations><AlertDefinitions name="DP_High_Prediction_Limit"/><AlertDefinitions name="FSOP_Deterioration_Limit"/><AlertDefinitions name="FSOP_Prediction_Limit"/><AlertDefinitions name="OP_High_Deterioration_Limit"/><AlertDefinitions name="OP_High_Prediction_Limit"/><AlertDefinitions name="OP_Low_Deterioration_Limit"/><AlertDefinitions name="OP_Low_Prediction_Limit"/><AlertDefinitions name="OT_High_Deterioration_Limit"/><AlertDefinitions name="OT_High_Prediction_Limit"/><AlertDefinitions name="SSDT_Deterioration_Limit"/><AlertDefinitions name="SSDT_Prediction_Limit"/><AlertDefinitions name="SSIP_Deterioration_Limit"/><AlertDefinitions name="SSIP_Prediction_Limit"/><AlertDefinitions name="SSIT_Deterioration_Limit"/><AlertDefinitions name="SSIT_Prediction_Limit"/><AlertDefinitions name="SSOT_Deterioration_Limit"/><AlertDefinitions name="SSOT_Prediction_Limit"/><AlertDefinitions name="WaterIP_High_Deterioration_Limit"/><AlertDefinitions name="WaterIP_High_Prediction_Limit"/><AlertDefinitions name="WaterIP_Low_Deterioration_Limit"/><AlertDefinitions name="WaterIP_Low_Prediction_Limit"/></AlertConfigurations><ImplementedShapes/><ThingProperties><WaterIP_High_Deterioration_Limit><Value>0.2</Value><Timestamp>2020-09-03T08:48:38.028Z</Timestamp><Quality>GOOD</Quality></WaterIP_High_Deterioration_Limit><OT_High_Deterioration_Limit><Value>5.0</Value><Timestamp>2020-09-03T08:44:24.469Z</Timestamp><Quality>GOOD</Quality></OT_High_Deterioration_Limit><OT_High_Prediction_Limit><Value>10.0</Value><Timestamp>2020-09-03T08:44:38.984Z</Timestamp><Quality>GOOD</Quality></OT_High_Prediction_Limit><DP_High_Prediction_Limit><Value>0.2</Value><Timestamp>2020-09-03T08:47:20.203Z</Timestamp><Quality>GOOD</Quality></DP_High_Prediction_Limit><OP_High_Prediction_Limit><Value>2.2</Value><Timestamp>2020-09-03T09:02:47.871Z</Timestamp><Quality>GOOD</Quality></OP_High_Prediction_Limit><SSDT_Deterioration_Limit><Value>10.0</Value><Timestamp>2020-09-03T09:17:54.873Z</Timestamp><Quality>GOOD</Quality></SSDT_Deterioration_Limit><SSIP_Deterioration_Limit><Value>0.1</Value><Timestamp>2020-09-03T09:11:07.813Z</Timestamp><Quality>GOOD</Quality></SSIP_Deterioration_Limit><SSIT_Deterioration_Limit><Value>3.0</Value><Timestamp>2020-09-03T08:46:40.672Z</Timestamp><Quality>GOOD</Quality></SSIT_Deterioration_Limit><SSIT_Prediction_Limit><Value>5.0</Value><Timestamp>2020-09-03T08:46:36.202Z</Timestamp><Quality>GOOD</Quality></SSIT_Prediction_Limit><FSOP_Deterioration_Limit><Value>0.1</Value><Timestamp>2020-09-03T09:04:58.916Z</Timestamp><Quality>GOOD</Quality></FSOP_Deterioration_Limit><WaterIP_Low_Prediction_Limit><Value>1.5</Value><Timestamp>2020-09-03T09:00:00.709Z</Timestamp><Quality>GOOD</Quality></WaterIP_Low_Prediction_Limit><OP_Low_Deterioration_Limit><Value>0.2</Value><Timestamp>2020-09-03T09:01:11.695Z</Timestamp><Quality>GOOD</Quality></OP_Low_Deterioration_Limit><FSOP_Prediction_Limit><Value>0.2</Value><Timestamp>2020-09-03T09:05:05.947Z</Timestamp><Quality>GOOD</Quality></FSOP_Prediction_Limit><SSIP_Prediction_Limit><Value>0.2</Value><Timestamp>2020-09-03T09:06:00.840Z</Timestamp><Quality>GOOD</Quality></SSIP_Prediction_Limit><WaterIP_High_Prediction_Limit><Value>3.7</Value><Timestamp>2020-09-03T08:48:28.440Z</Timestamp><Quality>GOOD</Quality></WaterIP_High_Prediction_Limit><WaterIP_Low_Deterioration_Limit><Value>0.2</Value><Timestamp>2020-09-03T08:57:56.061Z</Timestamp><Quality>GOOD</Quality></WaterIP_Low_Deterioration_Limit><OP_High_Deterioration_Limit><Value>0.2</Value><Timestamp>2020-09-03T09:02:41.549Z</Timestamp><Quality>GOOD</Quality></OP_High_Deterioration_Limit><OP_Low_Prediction_Limit><Value>1.5</Value><Timestamp>2020-09-03T09:02:57.573Z</Timestamp><Quality>GOOD</Quality></OP_Low_Prediction_Limit><SSDT_Prediction_Limit><Value>20.0</Value><Timestamp>2020-09-03T09:17:58.399Z</Timestamp><Quality>GOOD</Quality></SSDT_Prediction_Limit><SSOT_Prediction_Limit><Value>20.0</Value><Timestamp>2020-09-03T08:46:13.196Z</Timestamp><Quality>GOOD</Quality></SSOT_Prediction_Limit><SSOT_Deterioration_Limit><Value>10.0</Value><Timestamp>2020-09-03T08:45:35.968Z</Timestamp><Quality>GOOD</Quality></SSOT_Deterioration_Limit></ThingProperties><ConfigurationChanges><ConfigurationChange changeAction="CREATE" changeReason="" timestamp="2020-10-29T10:47:40.372Z" user="Prasoon Kumar"/></ConfigurationChanges></Thing></Things></Entities>