<?xml version="1.0" encoding="UTF-8" standalone="no"?><Entities build="b414" majorVersion="8" minorVersion="5" modelPersistenceProviderPackage="PostgresPersistenceProviderPackage" revision="8" schemaVersion="1054" universal="password"><Things><Thing description="" documentationContent="" effectiveThingPackage="ConfiguredThing" enabled="true" homeMashup="" identifier="" lastModifiedDate="2020-11-16T03:30:53.827Z" name="ELGI.COMP.UserManagementHelper.Thing" projectName="ELGi.comp.ELGiEcosystem.Project" published="false" tags="ELGi.comp.ELGiEcosystem.MTag:ELGiEcosystem;ELGiEcosystemTag:HelperThing" thingTemplate="GenericThing" valueStream=""><Owner name="Prasoon Kumar" type="User"/><avatar/><DesignTimePermissions><Create/><Read/><Update/><Delete/><Metadata/></DesignTimePermissions><RunTimePermissions><Permissions resourceName="*"><PropertyRead><Principal isPermitted="true" name="Users" type="Group"/></PropertyRead><PropertyWrite/><ServiceInvoke><Principal isPermitted="true" name="Users" type="Group"/></ServiceInvoke><EventInvoke/><EventSubscribe/></Permissions></RunTimePermissions><VisibilityPermissions><Visibility><Principal isPermitted="true" name="ELGI_ORG" type="Organization"/></Visibility></VisibilityPermissions><ConfigurationTableDefinitions/><ConfigurationTables/><ThingShape><PropertyDefinitions/><ServiceDefinitions><ServiceDefinition aspect.isAsync="false" category="ELGI" description="" isAllowOverride="false" isLocalOnly="false" isOpen="false" isPrivate="false" name="CheckUser_Id_is_Correct_OR_Not_Service"><ResultType baseType="STRING" description="" name="result" ordinal="0"/><ParameterDefinitions><FieldDefinition aspect.defaultValue="" baseType="STRING" description="TestingAreaUser1 " name="GetUserId" ordinal="1"/></ParameterDefinitions></ServiceDefinition><ServiceDefinition aspect.isAsync="false" category="ELGI" description="CurrentSessionInfo thorugh taken the current logged on&#10;users language and shows in string ouput &#10;" isAllowOverride="false" isLocalOnly="false" isOpen="false" isPrivate="false" name="GetLanguageOfCurrentUser"><ResultType baseType="STRING" description="" name="result" ordinal="0"/><ParameterDefinitions/></ServiceDefinition><ServiceDefinition aspect.isAsync="false" category="" description="" isAllowOverride="false" isLocalOnly="false" isOpen="false" isPrivate="false" name="GetUserHomeMashup"><ResultType baseType="STRING" description="" name="result" ordinal="0"/><ParameterDefinitions/></ServiceDefinition><ServiceDefinition aspect.isAsync="false" category="" description="" isAllowOverride="false" isLocalOnly="false" isOpen="false" isPrivate="false" name="NewPasswordService"><ResultType baseType="NOTHING" description="" name="result" ordinal="0"/><ParameterDefinitions><FieldDefinition baseType="STRING" description="" name="newPassword" ordinal="2"/><FieldDefinition baseType="STRING" description="" name="newPasswordConfirm" ordinal="1"/><FieldDefinition baseType="STRING" description="" name="OldPassword" ordinal="4"/><FieldDefinition aspect.defaultValue="TestingCustomerUser1" baseType="STRING" description="" name="UserName" ordinal="3"/></ParameterDefinitions></ServiceDefinition><ServiceDefinition aspect.isAsync="false" category="" description="Through, language variable got user setted language&#10;in mashup and got language as a string. So in this service&#10;CurrentSessionInfo thorugh GetCurrentUser method&#10;called and got username and through this username &#10;Users group in SetLanguagePreferences method through &#10;setted input language &#10;" isAllowOverride="false" isLocalOnly="false" isOpen="false" isPrivate="false" name="SetLanguageForUser"><ResultType baseType="NOTHING" description="" name="result" ordinal="0"/><ParameterDefinitions><FieldDefinition baseType="STRING" description="" name="language" ordinal="2"/></ParameterDefinitions></ServiceDefinition></ServiceDefinitions><EventDefinitions/><ServiceMappings/><ServiceImplementations><ServiceImplementation description="" handlerName="Script" name="CheckUser_Id_is_Correct_OR_Not_Service"><ConfigurationTables><ConfigurationTable description="" isMultiRow="false" name="Script" ordinal="0"><DataShape><FieldDefinitions><FieldDefinition baseType="STRING" description="code" name="code" ordinal="0"/></FieldDefinitions></DataShape><Rows><Row><code><![CDATA[var result;
try {
	if (GetUserId !== undefined && GetUserId !== "" && GetUserId !== null) {
		var IsUserAvailable = Users[GetUserId].GetDescription();
		if (IsUserAvailable !== "" && IsUserAvailable !== undefined && IsUserAvailable !== null) {
			result = "User Id found and sent password to email id";
			// "User Id found and sent password to email id"
		}
	}
  else if(GetUserId === ""){
  result = "Please Enter User Id you havent enter a word";
    }
} catch (ex) {
	result = "User Not Found Please Entere Valid User Id";
	// "User Not Found Please Entere Valid User Id"
}



//else if(IsUserAvailable === "" || IsUserAvailable === null)
//        {
//        result = false;
//        }]]></code></Row></Rows></ConfigurationTable></ConfigurationTables></ServiceImplementation><ServiceImplementation description="" handlerName="Script" name="GetLanguageOfCurrentUser"><ConfigurationTables><ConfigurationTable description="" isMultiRow="false" name="Script" ordinal="0"><DataShape><FieldDefinitions><FieldDefinition baseType="STRING" description="code" name="code" ordinal="0"/></FieldDefinitions></DataShape><Rows><Row><code><![CDATA[var result = "";
// Language: STRING
try{
var Language =  Resources["CurrentSessionInfo"].GetCurrentUserLanguage();
result = Language;
}
catch(err){
result = "No Language";
}]]></code></Row></Rows></ConfigurationTable></ConfigurationTables></ServiceImplementation><ServiceImplementation description="" handlerName="Script" name="GetUserHomeMashup"><ConfigurationTables><ConfigurationTable description="" isMultiRow="false" name="Script" ordinal="0"><DataShape><FieldDefinitions><FieldDefinition baseType="STRING" description="code" name="code" ordinal="0"/></FieldDefinitions></DataShape><Rows><Row><code><![CDATA[
// result: STRING
var user = Resources["CurrentSessionInfo"].GetCurrentUser();

// HomeMashup: MASHUPNAME
var result =  Users[user].GetHomeMashup();]]></code></Row></Rows></ConfigurationTable></ConfigurationTables></ServiceImplementation><ServiceImplementation description="" handlerName="Script" name="NewPasswordService"><ConfigurationTables><ConfigurationTable description="" isMultiRow="false" name="Script" ordinal="0"><DataShape><FieldDefinitions><FieldDefinition baseType="STRING" description="code" name="code" ordinal="0"/></FieldDefinitions></DataShape><Rows><Row><code><![CDATA[try {	
	var CurrentUserName = Resources["CurrentSessionInfo"].GetCurrentUser();
	if (OldPassword !== "" && newPassword !== "" && newPasswordConfirm !== "") {
		Users[CurrentUserName].ChangePassword({
			newPasswordConfirm: newPasswordConfirm /* STRING */ ,
			oldPassword: OldPassword /* STRING */ ,
			newPassword: newPassword /* newPassword */
		});
		logger.error("★" + newPassword);
	}
} catch (err) {

}]]></code></Row></Rows></ConfigurationTable></ConfigurationTables></ServiceImplementation><ServiceImplementation description="" handlerName="Script" name="SetLanguageForUser"><ConfigurationTables><ConfigurationTable description="" isMultiRow="false" name="Script" ordinal="0"><DataShape><FieldDefinitions><FieldDefinition baseType="STRING" description="code" name="code" ordinal="0"/></FieldDefinitions></DataShape><Rows><Row><code><![CDATA[try{
// result: STRING
var userName = Resources["CurrentSessionInfo"].GetCurrentUser();
 
if(language !== "" && language !== undefined && language !== null){
Users[userName].SetLanguagePreferences({
	preferences: language /* STRING */
});
}
}
catch(err){
}
]]></code></Row></Rows></ConfigurationTable></ConfigurationTables></ServiceImplementation></ServiceImplementations><Subscriptions/></ThingShape><PropertyBindings/><RemotePropertyBindings/><RemoteServiceBindings/><RemoteEventBindings/><AlertConfigurations/><ImplementedShapes/><ThingProperties/><ConfigurationChanges><ConfigurationChange changeAction="CREATE" changeReason="" timestamp="2020-10-29T10:06:44.577Z" user="Prasoon Kumar"/><ConfigurationChange changeAction="MODIFY" changeReason="services : NewPasswordService : service updated&#10;" timestamp="2020-11-04T10:58:02.532Z" user="Prasoon Kumar"/><ConfigurationChange changeAction="MODIFY" changeReason="services : GetUserHomeMashup : service added&#10;" timestamp="2020-11-16T03:30:35.528Z" user="Prasoon Kumar"/><ConfigurationChange changeAction="MODIFY" changeReason="services : GetUserHomeMashup : output updated&#10;" timestamp="2020-11-16T03:30:43.206Z" user="Prasoon Kumar"/></ConfigurationChanges></Thing></Things></Entities>