<?xml version="1.0" encoding="UTF-8" standalone="no"?><Entities build="b414" majorVersion="8" minorVersion="5" modelPersistenceProviderPackage="PostgresPersistenceProviderPackage" revision="8" schemaVersion="1054" universal="password"><Things><Thing description="" documentationContent="" effectiveThingPackage="ConfiguredThing" enabled="true" homeMashup="" identifier="" lastModifiedDate="2020-10-29T10:47:40.375Z" name="HelperThingForCalculationPurpose.Thing" projectName="ELGi.comp.ELGiEcosystem.Project" published="false" tags="" thingTemplate="ELGi.COMP.LiveParameterThingTemplate.TT" valueStream="ELGi.COMP.CalculationPurpose.VS"><Owner name="Prasoon Kumar" type="User"/><avatar/><DesignTimePermissions><Create/><Read/><Update/><Delete/><Metadata/></DesignTimePermissions><RunTimePermissions/><VisibilityPermissions><Visibility/></VisibilityPermissions><ConfigurationTableDefinitions/><ConfigurationTables/><ThingShape><PropertyDefinitions/><ServiceDefinitions><ServiceDefinition aspect.isAsync="false" category="" description="" isAllowOverride="false" isLocalOnly="false" isOpen="false" isPrivate="false" name="CheckConnectedThings"><ResultType aspect.dataShape="ToShowIsConnectedThings" baseType="INFOTABLE" description="" name="result" ordinal="0"/><ParameterDefinitions/></ServiceDefinition><ServiceDefinition aspect.isAsync="false" category="" description="" isAllowOverride="false" isLocalOnly="false" isOpen="false" isPrivate="false" name="MedianService"><ResultType baseType="NUMBER" description="" name="result" ordinal="0"/><ParameterDefinitions><FieldDefinition aspect.PP-117bc699-2c38-4cb2-820d-1a0110d83e78="{&quot;defaultValue1594972355230&quot;:&quot;PP-117bc699-2c38-4cb2-820d-1a0110d83e78-defaultValue1594972355230&quot;,&quot;defaultValue1594972355167&quot;:&quot;PP-117bc699-2c38-4cb2-820d-1a0110d83e78-defaultValue1594972355167&quot;}" aspect.PP-2236bba5-110e-4b29-b894-43f23fd57669="{&quot;defaultValue1594972194367&quot;:&quot;PP-2236bba5-110e-4b29-b894-43f23fd57669-defaultValue1594972194367&quot;}" aspect.PP-5d6a52d4-964a-4e1e-98e6-3d1d089b5c57="{&quot;defaultValue1594972470866&quot;:&quot;PP-5d6a52d4-964a-4e1e-98e6-3d1d089b5c57-defaultValue1594972470866&quot;}" aspect.PP-fee22724-9d83-4bf6-aa46-96d4dd4aef0c="{&quot;defaultValue1594973062140&quot;:&quot;PP-fee22724-9d83-4bf6-aa46-96d4dd4aef0c-defaultValue1594973062140&quot;,&quot;defaultValue1594973062264&quot;:&quot;PP-fee22724-9d83-4bf6-aa46-96d4dd4aef0c-defaultValue1594973062264&quot;}" aspect.defaultValue="2020-07-16T20:00:00.000Z" baseType="DATETIME" description="" name="endDate" ordinal="3"/><FieldDefinition aspect.defaultValue="dis_temperature" baseType="STRING" description="" name="propertyName" ordinal="1"/><FieldDefinition aspect.PP-37d2d2ee-c22b-4d30-a17c-fcf136c6f307="{&quot;defaultValue1594972461153&quot;:&quot;PP-37d2d2ee-c22b-4d30-a17c-fcf136c6f307-defaultValue1594972461153&quot;}" aspect.PP-8505cdce-239e-4896-988d-066d090346df="{&quot;defaultValue1594972491762&quot;:&quot;PP-8505cdce-239e-4896-988d-066d090346df-defaultValue1594972491762&quot;,&quot;defaultValue1594972491858&quot;:&quot;PP-8505cdce-239e-4896-988d-066d090346df-defaultValue1594972491858&quot;}" aspect.PP-df80d050-8ab6-419f-ac53-26f33c78d44d="{&quot;defaultValue1594973059076&quot;:&quot;PP-df80d050-8ab6-419f-ac53-26f33c78d44d-defaultValue1594973059076&quot;,&quot;defaultValue1594973059155&quot;:&quot;PP-df80d050-8ab6-419f-ac53-26f33c78d44d-defaultValue1594973059155&quot;}" aspect.PP-f5d49bc2-56f1-4616-a21b-ea937c570eb2="{&quot;defaultValue1594972185822&quot;:&quot;PP-f5d49bc2-56f1-4616-a21b-ea937c570eb2-defaultValue1594972185822&quot;}" aspect.PP-fe84a9e1-fc6f-4289-96c9-402088e70be1="{&quot;defaultValue1594972347850&quot;:&quot;PP-fe84a9e1-fc6f-4289-96c9-402088e70be1-defaultValue1594972347850&quot;,&quot;defaultValue1594972347747&quot;:&quot;PP-fe84a9e1-fc6f-4289-96c9-402088e70be1-defaultValue1594972347747&quot;}" aspect.defaultValue="2020-07-16T18:30:00.000Z" baseType="DATETIME" description="" name="startDate" ordinal="2"/></ParameterDefinitions></ServiceDefinition><ServiceDefinition aspect.isAsync="false" category="" description="" isAllowOverride="false" isLocalOnly="false" isOpen="false" isPrivate="false" name="RelationOfThing"><ResultType baseType="INFOTABLE" description="" name="result" ordinal="0"/><ParameterDefinitions/></ServiceDefinition><ServiceDefinition aspect.isAsync="false" category="" description="" isAllowOverride="false" isLocalOnly="false" isOpen="false" isPrivate="false" name="thing"><ResultType aspect.dataShape="ToShowIsConnectedThings" baseType="INFOTABLE" description="" name="result" ordinal="0"/><ParameterDefinitions/></ServiceDefinition></ServiceDefinitions><EventDefinitions/><ServiceMappings/><ServiceImplementations><ServiceImplementation description="" handlerName="Script" name="CheckConnectedThings"><ConfigurationTables><ConfigurationTable description="" isMultiRow="false" name="Script" ordinal="0"><DataShape><FieldDefinitions><FieldDefinition baseType="STRING" description="code" name="code" ordinal="0"/></FieldDefinitions></DataShape><Rows><Row><code><![CDATA[var data =  ThingTemplates["ELGi.comp.EPSAC.Neu4.C.TT_2"].GetImplementingThingsWithData();
//var result = data;
var tableLength = data.rows.length;
for (var x=0; x < tableLength; x++) {     
    var nameOfThing = data.rows[x].name;
    var isConnected1 = data.rows[x].isConnected;
    //var result = isConnected1;
    
    var params = {
    infoTableName : "InfoTable",
    dataShapeName : "PropertyDefinition"
};

// CreateInfoTableFromDataShape(infoTableName:STRING("InfoTable"), dataShapeName:STRING):INFOTABLE(ToShowIsConnectedThings)
var dataInfo = Resources["InfoTableFunctions"].CreateInfoTableFromDataShape(params);
dataInfo.AddRow({name : "name"});
dataInfo.AddRow({name : "isConnected"}); // isConnecteOrNot
    
      var query2 = {
        	"filters": {
        		"type": "And",
        		"filters": [{
        				"type": "EQ",
        				"fieldName": "name",
        				"value": nameOfThing //FAB444_2
        			},
                            {
        				"type": "EQ",
        				"fieldName": "isConnected",
        				"value": isConnected1
        			}

        		]
        	}
        };
    
    
    
    // result: INFOTABLE dataShape: "RootEntityList"
var dataTemp =  ThingTemplates["ELGi.comp.EPSAC.Neu4.C.TT_2"].QueryImplementingThingsWithData({
	maxItems: 500 /* NUMBER */,
	nameMask: undefined /* STRING */,
	query: query2 /* QUERY */,
	tags: undefined /* TAGS */
});
var IsConnectedThing = dataTemp.name;
    var result = dataTemp;
    //var result = IsConnectedThing;
//    var result = Things[IsConnectedThing].QueryNamedPropertyHistory({
//	propertyNames: dataInfo /* INFOTABLE */,
//	maxItems: undefined /* NUMBER */,
//	startDate: undefined /* DATETIME */,
//	endDate: undefined /* DATETIME */,
//	oldestFirst: undefined /* BOOLEAN */,
//	query: undefined /* QUERY */
//});
//}
//

}]]></code></Row></Rows></ConfigurationTable></ConfigurationTables></ServiceImplementation><ServiceImplementation description="" handlerName="Script" name="MedianService"><ConfigurationTables><ConfigurationTable description="" isMultiRow="false" name="Script" ordinal="0"><DataShape><FieldDefinitions><FieldDefinition baseType="STRING" description="code" name="code" ordinal="0"/></FieldDefinitions></DataShape><Rows><Row><code><![CDATA[var params = {
    infoTableName : "InfoTable",
    dataShapeName : "PropertyDefinition"
};

// CreateInfoTableFromDataShape(infoTableName:STRING("InfoTable"), dataShapeName:STRING):INFOTABLE(ELGi.COMP.CalculationPurpose.DS)
var dataTemp = Resources["InfoTableFunctions"].CreateInfoTableFromDataShape(params);

dataTemp.AddRow({name : propertyName});

var query = {
          "filters": [

            {

            "fieldName": propertyName,

            "type": "BETWEEN",

            "from": startDate,

            "to": endDate

          }
        

       ]

 };

var data = me.QueryNamedPropertyHistory({
	propertyNames: dataTemp /* INFOTABLE */,
	maxItems: undefined /* NUMBER */,
	startDate: undefined /* DATETIME */,
	endDate: undefined /* DATETIME */,
	oldestFirst: undefined /* BOOLEAN */,
	query: undefined /* QUERY */
});


var recordsToDisplay = Resources['InfoTableFunctions'].Query(
    {      
        query : query,     

        t : data   
    } );

var sortPropertyDataOfpropertyName = Resources["InfoTableFunctions"].Sort({
	t: recordsToDisplay /* INFOTABLE */,
	sortColumn: propertyName /* STRING */,
	ascending: true /* BOOLEAN */
});

countOfpropertyName= sortPropertyDataOfpropertyName.getRowCount(); // odd even
var result = 0;
if(countOfpropertyName % 2 === 0){
//even 
mid_OfpropertyName = countOfpropertyName/2;

median_propertyName = sortPropertyDataOfpropertyName.getRow(mid_OfpropertyName)[propertyName]; //dis_pressure AddRow({name : propertyName})
//median_propertyName = sortPropertyDataOfpropertyName[mid_OfpropertyName][propertyName]; //dis_pressure AddRow({name : propertyName})
result = median_propertyName;

}else if(countOfpropertyName % 2 !== 0)
{
//odd
var firstmed  = countOfpropertyName + 1;
var mid_OfpropertyName_firstmed = firstmed / 2;
var median_propertyName_firstmed = sortPropertyDataOfpropertyName.getRow(mid_OfpropertyName_firstmed)[propertyName];

var secondmed  = countOfpropertyName - 1;
var mid_OfpropertyName_secondmed = secondmed / 2;
var median_propertyName_secondmed = sortPropertyDataOfpropertyName.getRow(mid_OfpropertyName_secondmed)[propertyName];

var BeforMedian_OfProperty = median_propertyName_firstmed + median_propertyName_secondmed;
var AfterMedian_OfProperty = BeforMedian_OfProperty / 2; 
result = AfterMedian_OfProperty;
}

//mid_OfpropertyName = countOfpropertyName/2;
//
//median_propertyName = sortPropertyDataOfpropertyName.getRow(mid_OfpropertyName)[propertyName]; //dis_pressure AddRow({name : propertyName})
//median_propertyName = sortPropertyDataOfpropertyName[mid_OfpropertyName][propertyName]; //dis_pressure AddRow({name : propertyName})

//var result =  Things["StatisticalCalculationThing"].CalculateMedianValue({
//	timedValues: recordsToDisplay /* INFOTABLE */
//});

//1 2 3 4 5 6]]></code></Row></Rows></ConfigurationTable></ConfigurationTables></ServiceImplementation><ServiceImplementation description="" handlerName="Script" name="RelationOfThing"><ConfigurationTables><ConfigurationTable description="" isMultiRow="false" name="Script" ordinal="0"><DataShape><FieldDefinitions><FieldDefinition baseType="STRING" description="code" name="code" ordinal="0"/></FieldDefinitions></DataShape><Rows><Row><code><![CDATA[var data =  ThingTemplates["ELGi.comp.EPSAC.Neu4.C.TT_2"].GetImplementingThingsWithData();
//var result = data;
var tableLength = data.rows.length;
for (var x=0; x < tableLength; x++) {     
    var nameOfThing = data.rows[x].name;
    var isConnected1 = data.rows[x].isConnected;
    //var result = isConnected1;
    
    var params = {
    infoTableName : "InfoTable",
    dataShapeName : "PropertyDefinition"
};

// CreateInfoTableFromDataShape(infoTableName:STRING("InfoTable"), dataShapeName:STRING):INFOTABLE(ToShowIsConnectedThings)
var dataInfo = Resources["InfoTableFunctions"].CreateInfoTableFromDataShape(params);
dataInfo.AddRow({name : "name"});
dataInfo.AddRow({name : "isConnected"}); // isConnecteOrNot
    
      var query2 = {
        	"filters": {
        		"type": "And",
        		"filters": [{
        				"type": "EQ",
        				"fieldName": "name",
        				"value": nameOfThing //FAB444_2
        			},
                            {
        				"type": "EQ",
        				"fieldName": "isConnected",
        				"value": isConnected1
        			}

        		]
        	}
        };
    
    
    
    // result: INFOTABLE dataShape: "RootEntityList"
var dataTemp =  ThingTemplates["ELGi.comp.EPSAC.Neu4.C.TT_2"].QueryImplementingThingsWithData({
	maxItems: 500 /* NUMBER */,
	nameMask: undefined /* STRING */,
	query: query2 /* QUERY */,
	tags: undefined /* TAGS */
});
var IsConnectedThing = dataTemp.name;
    var result = dataTemp;
    //var result = IsConnectedThing;
//    var result = Things[IsConnectedThing].QueryNamedPropertyHistory({
//	propertyNames: dataInfo /* INFOTABLE */,
//	maxItems: undefined /* NUMBER */,
//	startDate: undefined /* DATETIME */,
//	endDate: undefined /* DATETIME */,
//	oldestFirst: undefined /* BOOLEAN */,
//	query: undefined /* QUERY */
//});
//}
//

}]]></code></Row></Rows></ConfigurationTable></ConfigurationTables></ServiceImplementation><ServiceImplementation description="" handlerName="Script" name="thing"><ConfigurationTables><ConfigurationTable description="" isMultiRow="false" name="Script" ordinal="0"><DataShape><FieldDefinitions><FieldDefinition baseType="STRING" description="code" name="code" ordinal="0"/></FieldDefinitions></DataShape><Rows><Row><code><![CDATA[var data =  ThingTemplates["ELGi.comp.EPSAC.Neu4.C.TT_2"].GetImplementingThingsWithData();


var params = {
	fieldName: "isConnected" /* STRING */,
	isCaseSensitive: undefined /* BOOLEAN */,
	t: data /* INFOTABLE */,
	value: "false" /* STRING */
};

// result: INFOTABLE
var Required = Resources["InfoTableFunctions"].EQFilter(params);
var result = Required;

//    var params1 = {
//    infoTableName : "InfoTable",
//    dataShapeName : "PropertyDefinition"
//};
//
//// CreateInfoTableFromDataShape(infoTableName:STRING("InfoTable"), dataShapeName:STRING):INFOTABLE(ToShowIsConnectedThings)
//var dataInfo = Resources["InfoTableFunctions"].CreateInfoTableFromDataShape(params1);
////dataInfo.AddRow({name : "name"});
////dataInfo.AddRow({name : "isConnected"}); // isConnecteOrNot
//
//
//var tableLength = Required.rows.length;
//for (var x=0; x < tableLength; x++) {
//    var row = Required.rows[x].name;
//    var row1 = Required.rows[x].isConnected;
//    //Your code here
//    //var temp=Things[row].thingTemplate;
//    
//       dataInfo.AddRow({name:row});
// 	   //dataInfo.AddRow({IsConnectedOrNot:row1});
//     var result = dataInfo;
//}]]></code></Row></Rows></ConfigurationTable></ConfigurationTables></ServiceImplementation></ServiceImplementations><Subscriptions/></ThingShape><PropertyBindings/><RemotePropertyBindings/><RemoteServiceBindings/><RemoteEventBindings/><AlertConfigurations/><ImplementedShapes/><ThingProperties><firmware_updated><Value>false</Value><Timestamp>1970-01-01T00:00:00.000Z</Timestamp><Quality>UNKNOWN</Quality></firmware_updated><set_solenoid_AtChangeDate><Value>0</Value><Timestamp>1970-01-01T00:00:00.000Z</Timestamp><Quality>UNKNOWN</Quality></set_solenoid_AtChangeDate><set_OCT_ChangeDate><Value>2020-12-03T11:36:40.572Z</Value><Timestamp>1970-01-01T00:00:00.000Z</Timestamp><Quality>UNKNOWN</Quality></set_OCT_ChangeDate><MinValueConsumableName><Value/><Timestamp>1970-01-01T00:00:00.000Z</Timestamp><Quality>UNKNOWN</Quality></MinValueConsumableName><high_DT_24Hrs><Value>false</Value><Timestamp>1970-01-01T00:00:00.000Z</Timestamp><Quality>UNKNOWN</Quality></high_DT_24Hrs><set_MPV_ChangeDate><Value>2020-12-03T11:36:40.573Z</Value><Timestamp>1970-01-01T00:00:00.000Z</Timestamp><Quality>UNKNOWN</Quality></set_MPV_ChangeDate><set_oilSampleTest_ChangeDate><Value>2020-12-03T11:36:40.573Z</Value><Timestamp>1970-01-01T00:00:00.000Z</Timestamp><Quality>UNKNOWN</Quality></set_oilSampleTest_ChangeDate><set_load_pressure_AtChangeDate><Value>0</Value><Timestamp>1970-01-01T00:00:00.000Z</Timestamp><Quality>UNKNOWN</Quality></set_load_pressure_AtChangeDate><set_OFCT_ChangeDate><Value>2020-12-03T11:36:40.575Z</Value><Timestamp>1970-01-01T00:00:00.000Z</Timestamp><Quality>UNKNOWN</Quality></set_OFCT_ChangeDate><AFCT_ChangeDate><Value>2020-10-10T08:39:44.188Z</Value><Timestamp>1970-01-01T00:00:00.000Z</Timestamp><Quality>UNKNOWN</Quality></AFCT_ChangeDate><set_BDV_ChangeDate><Value>2020-12-03T11:36:40.575Z</Value><Timestamp>1970-01-01T00:00:00.000Z</Timestamp><Quality>UNKNOWN</Quality></set_BDV_ChangeDate><set_PFCT_AtChangeDate><Value>0</Value><Timestamp>1970-01-01T00:00:00.000Z</Timestamp><Quality>UNKNOWN</Quality></set_PFCT_AtChangeDate><set_unload_ChangeDate><Value>2020-12-03T11:36:40.576Z</Value><Timestamp>1970-01-01T00:00:00.000Z</Timestamp><Quality>UNKNOWN</Quality></set_unload_ChangeDate><set_CF_ChangeDate><Value>2020-12-03T11:36:40.577Z</Value><Timestamp>1970-01-01T00:00:00.000Z</Timestamp><Quality>UNKNOWN</Quality></set_CF_ChangeDate><set_SPM_ChangeDate><Value>2020-12-03T11:36:40.577Z</Value><Timestamp>1970-01-01T00:00:00.000Z</Timestamp><Quality>UNKNOWN</Quality></set_SPM_ChangeDate><set_OSCT_AtChangeDate><Value>0</Value><Timestamp>1970-01-01T00:00:00.000Z</Timestamp><Quality>UNKNOWN</Quality></set_OSCT_AtChangeDate><set_PF_FF_ChangeDate><Value>2020-12-03T11:36:40.578Z</Value><Timestamp>1970-01-01T00:00:00.000Z</Timestamp><Quality>UNKNOWN</Quality></set_PF_FF_ChangeDate><set_CF_AtChangeDate><Value>0</Value><Timestamp>1970-01-01T00:00:00.000Z</Timestamp><Quality>UNKNOWN</Quality></set_CF_AtChangeDate><set_AFCT_AtChangeDate><Value>0</Value><Timestamp>1970-01-01T00:00:00.000Z</Timestamp><Quality>UNKNOWN</Quality></set_AFCT_AtChangeDate><isVfd_Connected><Value>false</Value><Timestamp>1970-01-01T00:00:00.000Z</Timestamp><Quality>UNKNOWN</Quality></isVfd_Connected><set_SPM_AtChangeDate><Value>0</Value><Timestamp>1970-01-01T00:00:00.000Z</Timestamp><Quality>UNKNOWN</Quality></set_SPM_AtChangeDate><set_MPV_AtChangeDate><Value>0</Value><Timestamp>1970-01-01T00:00:00.000Z</Timestamp><Quality>UNKNOWN</Quality></set_MPV_AtChangeDate><set_OSCT_ChangeDate><Value>2020-12-03T11:36:40.582Z</Value><Timestamp>1970-01-01T00:00:00.000Z</Timestamp><Quality>UNKNOWN</Quality></set_OSCT_ChangeDate><set_OCT_AtChangeDate><Value>0</Value><Timestamp>1970-01-01T00:00:00.000Z</Timestamp><Quality>UNKNOWN</Quality></set_OCT_AtChangeDate><is_Sump_Enabled><Value>false</Value><Timestamp>1970-01-01T00:00:00.000Z</Timestamp><Quality>UNKNOWN</Quality></is_Sump_Enabled><set_ADV_ChangeDate><Value>2020-12-03T11:36:40.583Z</Value><Timestamp>1970-01-01T00:00:00.000Z</Timestamp><Quality>UNKNOWN</Quality></set_ADV_ChangeDate><high_DT_16Hrs><Value>false</Value><Timestamp>1970-01-01T00:00:00.000Z</Timestamp><Quality>UNKNOWN</Quality></high_DT_16Hrs><set_ADV_AtChangeDate><Value>0</Value><Timestamp>1970-01-01T00:00:00.000Z</Timestamp><Quality>UNKNOWN</Quality></set_ADV_AtChangeDate><set_PFCT_ChangeDate><Value>2020-12-03T11:36:40.584Z</Value><Timestamp>1970-01-01T00:00:00.000Z</Timestamp><Quality>UNKNOWN</Quality></set_PFCT_ChangeDate><set_OFCT_AtChangeDate><Value>0</Value><Timestamp>1970-01-01T00:00:00.000Z</Timestamp><Quality>UNKNOWN</Quality></set_OFCT_AtChangeDate><set_RGT_AtChangeDate><Value>0</Value><Timestamp>1970-01-01T00:00:00.000Z</Timestamp><Quality>UNKNOWN</Quality></set_RGT_AtChangeDate><predicted_alert_count><Value>0</Value><Timestamp>2020-10-10T08:39:44.188Z</Timestamp><Quality>GOOD</Quality></predicted_alert_count><set_unload_AtChangeDate><Value>0</Value><Timestamp>1970-01-01T00:00:00.000Z</Timestamp><Quality>UNKNOWN</Quality></set_unload_AtChangeDate><high_DT_8Hrs><Value>false</Value><Timestamp>1970-01-01T00:00:00.000Z</Timestamp><Quality>UNKNOWN</Quality></high_DT_8Hrs><firmware_update_pending><Value>false</Value><Timestamp>1970-01-01T00:00:00.000Z</Timestamp><Quality>UNKNOWN</Quality></firmware_update_pending><set_RGT_ChangeDate><Value>2020-12-03T11:36:40.586Z</Value><Timestamp>1970-01-01T00:00:00.000Z</Timestamp><Quality>UNKNOWN</Quality></set_RGT_ChangeDate><set_load_pressure_ChangeDate><Value>2020-12-03T11:36:40.587Z</Value><Timestamp>1970-01-01T00:00:00.000Z</Timestamp><Quality>UNKNOWN</Quality></set_load_pressure_ChangeDate><high_DT_48Hrs><Value>false</Value><Timestamp>1970-01-01T00:00:00.000Z</Timestamp><Quality>UNKNOWN</Quality></high_DT_48Hrs><set_PF_FF_AtChangeDate><Value>0</Value><Timestamp>1970-01-01T00:00:00.000Z</Timestamp><Quality>UNKNOWN</Quality></set_PF_FF_AtChangeDate><set_solenoid_ChangeDate><Value>2020-12-03T11:36:40.588Z</Value><Timestamp>1970-01-01T00:00:00.000Z</Timestamp><Quality>UNKNOWN</Quality></set_solenoid_ChangeDate><set_oilSampleTest_AtChangeDate><Value>0</Value><Timestamp>1970-01-01T00:00:00.000Z</Timestamp><Quality>UNKNOWN</Quality></set_oilSampleTest_AtChangeDate><set_BDV_AtChangeDate><Value>0</Value><Timestamp>1970-01-01T00:00:00.000Z</Timestamp><Quality>UNKNOWN</Quality></set_BDV_AtChangeDate><set_AFCT_ChangeDate><Value>2020-12-03T11:36:40.590Z</Value><Timestamp>1970-01-01T00:00:00.000Z</Timestamp><Quality>UNKNOWN</Quality></set_AFCT_ChangeDate><UpdateVersion><Value/><Timestamp>1970-01-01T00:00:00.000Z</Timestamp><Quality>UNKNOWN</Quality></UpdateVersion><Machine_variant><Value/><Timestamp>1970-01-01T00:00:00.000Z</Timestamp><Quality>UNKNOWN</Quality></Machine_variant><Rated_pressure><Value>0.0</Value><Timestamp>1970-01-01T00:00:00.000Z</Timestamp><Quality>UNKNOWN</Quality></Rated_pressure><design_limit><Value/><Timestamp>1970-01-01T00:00:00.000Z</Timestamp><Quality>UNKNOWN</Quality></design_limit><last_calender_day><Value>2020-10-10T08:39:44.188Z</Value><Timestamp>1970-01-01T00:00:00.000Z</Timestamp><Quality>UNKNOWN</Quality></last_calender_day><Manufacture_date><Value>2020-10-10T08:39:44.188Z</Value><Timestamp>1970-01-01T00:00:00.000Z</Timestamp><Quality>UNKNOWN</Quality></Manufacture_date><TPL_No><Value/><Timestamp>1970-01-01T00:00:00.000Z</Timestamp><Quality>UNKNOWN</Quality></TPL_No><Operating_Voltage><Value>0.0</Value><Timestamp>1970-01-01T00:00:00.000Z</Timestamp><Quality>UNKNOWN</Quality></Operating_Voltage><Rated_CFM><Value>0.0</Value><Timestamp>1970-01-01T00:00:00.000Z</Timestamp><Quality>UNKNOWN</Quality></Rated_CFM><updateAvailable><Value>true</Value><Timestamp>2020-10-10T08:39:44.188Z</Timestamp><Quality>GOOD</Quality></updateAvailable><Product_group><Value/><Timestamp>1970-01-01T00:00:00.000Z</Timestamp><Quality>UNKNOWN</Quality></Product_group><Operating_Frequency><Value>0.0</Value><Timestamp>1970-01-01T00:00:00.000Z</Timestamp><Quality>UNKNOWN</Quality></Operating_Frequency><Rated_Power><Value>0.0</Value><Timestamp>1970-01-01T00:00:00.000Z</Timestamp><Quality>UNKNOWN</Quality></Rated_Power><machine_name><Value/><Timestamp>1970-01-01T00:00:00.000Z</Timestamp><Quality>UNKNOWN</Quality></machine_name></ThingProperties><ConfigurationChanges><ConfigurationChange changeAction="CREATE" changeReason="" timestamp="2020-10-29T10:47:40.375Z" user="Prasoon Kumar"/></ConfigurationChanges></Thing></Things></Entities>