<?xml version="1.0" encoding="UTF-8" standalone="no"?><Entities build="b414" majorVersion="8" minorVersion="5" modelPersistenceProviderPackage="PostgresPersistenceProviderPackage" revision="8" schemaVersion="1054" universal="password"><Things><Thing description="" documentationContent="" effectiveThingPackage="ConfiguredThing" enabled="true" homeMashup="" identifier="" lastModifiedDate="2020-10-29T10:47:40.806Z" name="ELGi.COMP.CalculationsHelper.ThingDuplicate" projectName="ELGi.comp.ELGiEcosystem.Project" published="false" tags="ELGi.comp.ELGiEcosystem.MTag:ELGiEcosystem;ELGiEcosystemTag:HelperThing" thingTemplate="GenericThing" valueStream=""><Owner name="Prasoon Kumar" type="User"/><avatar/><DesignTimePermissions><Create/><Read/><Update/><Delete/><Metadata/></DesignTimePermissions><RunTimePermissions/><VisibilityPermissions><Visibility/></VisibilityPermissions><ConfigurationTableDefinitions/><ConfigurationTables/><ThingShape><PropertyDefinitions/><ServiceDefinitions><ServiceDefinition aspect.isAsync="false" category="" description="" isAllowOverride="false" isLocalOnly="false" isOpen="false" isPrivate="false" name="SetisConnectedTrue"><ResultType baseType="NOTHING" description="" name="result" ordinal="0"/><ParameterDefinitions/></ServiceDefinition><ServiceDefinition aspect.isAsync="false" category="" description="" isAllowOverride="false" isLocalOnly="false" isOpen="false" isPrivate="false" name="SetisManufacturedFalse"><ResultType baseType="NOTHING" description="" name="result" ordinal="0"/><ParameterDefinitions/></ServiceDefinition><ServiceDefinition aspect.isAsync="false" category="" description="" isAllowOverride="false" isLocalOnly="false" isOpen="false" isPrivate="false" name="SetisManufacturedTrue"><ResultType baseType="NOTHING" description="" name="result" ordinal="0"/><ParameterDefinitions/></ServiceDefinition><ServiceDefinition aspect.isAsync="false" category="" description="" isAllowOverride="false" isLocalOnly="false" isOpen="false" isPrivate="false" name="SetisOntime"><ResultType baseType="DATETIME" description="" name="result" ordinal="0"/><ParameterDefinitions/></ServiceDefinition><ServiceDefinition aspect.isAsync="false" category="" description="" isAllowOverride="false" isLocalOnly="false" isOpen="false" isPrivate="false" name="SetisServiceDue"><ResultType baseType="NOTHING" description="" name="result" ordinal="0"/><ParameterDefinitions/></ServiceDefinition><ServiceDefinition aspect.isAsync="false" category="" description="" isAllowOverride="false" isLocalOnly="false" isOpen="false" isPrivate="false" name="SetisServiceDueSoon"><ResultType baseType="NOTHING" description="" name="result" ordinal="0"/><ParameterDefinitions/></ServiceDefinition><ServiceDefinition aspect.isAsync="false" category="" description="" isAllowOverride="false" isLocalOnly="false" isOpen="false" isPrivate="false" name="SetOverDueService"><ResultType baseType="INFOTABLE" description="" name="result" ordinal="0"/><ParameterDefinitions/></ServiceDefinition><ServiceDefinition aspect.isAsync="false" category="" description="" isAllowOverride="false" isLocalOnly="false" isOpen="false" isPrivate="false" name="SetUtilization_60_to_80_percentage"><ResultType baseType="INFOTABLE" description="" name="result" ordinal="0"/><ParameterDefinitions/></ServiceDefinition><ServiceDefinition aspect.isAsync="false" category="" description="" isAllowOverride="false" isLocalOnly="false" isOpen="false" isPrivate="false" name="SetUtilization_80_to_100_percentage"><ResultType baseType="INFOTABLE" description="" name="result" ordinal="0"/><ParameterDefinitions/></ServiceDefinition><ServiceDefinition aspect.isAsync="false" category="" description="" isAllowOverride="false" isLocalOnly="false" isOpen="false" isPrivate="false" name="SetUtilization_LessThan_50_percentService"><ResultType baseType="INFOTABLE" description="" name="result" ordinal="0"/><ParameterDefinitions/></ServiceDefinition><ServiceDefinition aspect.isAsync="false" category="" description="" isAllowOverride="false" isLocalOnly="false" isOpen="false" isPrivate="false" name="SetUtilization_LessThan_60_percent"><ResultType baseType="INFOTABLE" description="" name="result" ordinal="0"/><ParameterDefinitions/></ServiceDefinition><ServiceDefinition aspect.isAsync="false" category="" description="" isAllowOverride="false" isLocalOnly="false" isOpen="false" isPrivate="false" name="SetUtilization_LessThanOrGreaterThan_50_percentService"><ResultType baseType="INFOTABLE" description="" name="result" ordinal="0"/><ParameterDefinitions/></ServiceDefinition></ServiceDefinitions><EventDefinitions/><ServiceMappings/><ServiceImplementations><ServiceImplementation description="" handlerName="Script" name="SetisConnectedTrue"><ConfigurationTables><ConfigurationTable description="" isMultiRow="false" name="Script" ordinal="0"><DataShape><FieldDefinitions><FieldDefinition baseType="STRING" description="code" name="code" ordinal="0"/></FieldDefinitions></DataShape><Rows><Row><code><![CDATA[var query = {
    	"filters": {
    		"type": "And",
    		"filters": [
                {
    				"type": "EQ",
    				"fieldName": "isRetrofitted",
    				"value": true
    			},
    			{
    				"type": "NE",
    				"fieldName": "customer_name",
    				"value": " "
    			},
    			{
    				"type": "EQ",
    				"fieldName": "Rated_pressure",
    				"value": 0
    			}
    		]
    	}
    };

 //result: INFOTABLE dataShape: "RootEntityList"
var thingsList =  ThingTemplates["ELGi.comp.ELGiMaster.TT"].QueryImplementingThingsWithData({
	maxItems: undefined /* NUMBER */,
	nameMask: undefined /* STRING */,
	query: query /* QUERY */,
	tags: undefined /* TAGS */
});
//var result = thingsList;
var tableLength = thingsList.rows.length;
for (var x=0; x < tableLength; x++) {
    var ThingName = thingsList.rows[x].name;
    var deviceTime1 = Things[ThingName].device_tIme;
    var currentdate = new Date();
    var difference1 = dateDifference(currentdate, deviceTime1);
    if(difference1 <= 86400000){
    Things [ThingName].isConnected = true;
       //var isConnected= Things[ThingName].isConnected;
       //var result = isConnected;
}
}]]></code></Row></Rows></ConfigurationTable></ConfigurationTables></ServiceImplementation><ServiceImplementation description="" handlerName="Script" name="SetisManufacturedFalse"><ConfigurationTables><ConfigurationTable description="" isMultiRow="false" name="Script" ordinal="0"><DataShape><FieldDefinitions><FieldDefinition baseType="STRING" description="code" name="code" ordinal="0"/></FieldDefinitions></DataShape><Rows><Row><code><![CDATA[var query = {
    	"filters": {
    		"type": "And",
    		"filters": [{
    				"type": "EQ",
    				"fieldName": "isRetrofitted",
    				"value": true
    			},
    			{
    				"type": "NE",
    				"fieldName": "customer_name",
    				"value": " "
    			},
    			{
    				"type": "EQ",
    				"fieldName": "Rated_pressure",
    				"value": 0
    			}
    		]
    	}
    };

// result: INFOTABLE dataShape: "RootEntityList"
var thingsList =  ThingTemplates["ELGi.comp.ELGiMaster.TT"].QueryImplementingThingsWithData({
	maxItems: undefined /* NUMBER */,
	nameMask: undefined /* STRING */,
	query: query /* QUERY */,
	tags: undefined /* TAGS */
});
//var result = thingsList;
var tableLength = thingsList.rows.length;
for (var x=0; x < tableLength; x++) {
    var ThingName = thingsList.rows[x].name;
    Things [ThingName].isManufactured = false;
       //var isManufactured= Things[ThingName].isManufactured;
       //var result = isManufactured;
}]]></code></Row></Rows></ConfigurationTable></ConfigurationTables></ServiceImplementation><ServiceImplementation description="" handlerName="Script" name="SetisManufacturedTrue"><ConfigurationTables><ConfigurationTable description="" isMultiRow="false" name="Script" ordinal="0"><DataShape><FieldDefinitions><FieldDefinition baseType="STRING" description="code" name="code" ordinal="0"/></FieldDefinitions></DataShape><Rows><Row><code><![CDATA[var query = {
    	"filters": {
    		"type": "And",
    		"filters": [{
    				"type": "EQ",
    				"fieldName": "isRetrofitted",
    				"value": false
    			},
    			{
    				"type": "NE",
    				"fieldName": "customer_name",
    				"value": " "
    			},
    			{
    				"type": "EQ",
    				"fieldName": "Rated_pressure",
    				"value": 0
    			}
    		]
    	}
    };

// result: INFOTABLE dataShape: "RootEntityList"
var thingsList =  ThingTemplates["ELGi.comp.ELGiMaster.TT"].QueryImplementingThingsWithData({
	maxItems: undefined /* NUMBER */,
	nameMask: undefined /* STRING */,
	query: query /* QUERY */,
	tags: undefined /* TAGS */
});
//var result = thingsList;
var tableLength = thingsList.rows.length;
for (var x=0; x < tableLength; x++) {
    var ThingName = thingsList.rows[x].name;
    Things [ThingName].isManufactured = true;
       //var isManufactured= Things[ThingName].isManufactured;
       //var result = isManufactured;
}]]></code></Row></Rows></ConfigurationTable></ConfigurationTables></ServiceImplementation><ServiceImplementation description="" handlerName="Script" name="SetisOntime"><ConfigurationTables><ConfigurationTable description="" isMultiRow="false" name="Script" ordinal="0"><DataShape><FieldDefinitions><FieldDefinition baseType="STRING" description="code" name="code" ordinal="0"/></FieldDefinitions></DataShape><Rows><Row><code><![CDATA[// dateValue:DATETIME
var dateValue = new Date();
// dateAddDays(dateValue:DATETIME, amount:NUMBER):STRING
var calculatedDateValue = dateAddDays(dateValue, -1);
var yesterdays_Date = calculatedDateValue;
var query = {
    	"filters": {
    		"type": "And",
    		"filters": [
                {
    				"type": "EQ",
    				"fieldName": "isVfd_Connected",
    				"value": false
    			},
    			{
    				"type": "EQ",
    				"fieldName": "date_tIme",
    				"value": yesterdays_Date
    			},	{
    				"type": "Between",
    				"fieldName": "utilization",
    				"from": "80",
                    "to": "100"
    			}
    		]
    	}
    };

// result: INFOTABLE dataShape: "RootEntityList"
var thingsList =  ThingTemplates["ELGi.comp.ELGiMaster.TT"].QueryImplementingThingsWithData({
	maxItems: undefined /* NUMBER */,
	nameMask: undefined /* STRING */,
	query: query /* QUERY */,
	tags: undefined /* TAGS */
});
//var result = thingsList;
var tableLength = thingsList.rows.length;
for (var x=0; x < tableLength; x++) {
    var ThingName = thingsList.rows[x].name;
    Things [ThingName].SetUtilization_100_to_80_percent = true;
   // Things [ThingName].SetUtilization_80_to_60_percent= true;
    //Things [ThingName].SetUtilization_LessThan_60_percent= true;
       //var isConnected= Things[ThingName].isConnected;
       //var result = isConnected; utilization
}





//// If Required Then I can use this query
////
//var query = {
//    	"filters": {
//    		"type": "And",
//    		"filters": [
//                {
//    				"type": "EQ",
//    				"fieldName": "isVfd_Connected",
//    				"value": false
//    			},
//    			{
//    				"type": "EQ",
//    				"fieldName": "device_tIme",
//    				"value": yesterdays_Date
//    			}
//    		]
//    	}
//    };
//]]></code></Row></Rows></ConfigurationTable></ConfigurationTables></ServiceImplementation><ServiceImplementation description="" handlerName="Script" name="SetisServiceDue"><ConfigurationTables><ConfigurationTable description="" isMultiRow="false" name="Script" ordinal="0"><DataShape><FieldDefinitions><FieldDefinition baseType="STRING" description="code" name="code" ordinal="0"/></FieldDefinitions></DataShape><Rows><Row><code><![CDATA[//"fieldName": "Duration",
//        "from": "2",
//        "to": "12"

var query = {
    	"filters": {
    		"type": "OR",
    		"filters": [
                {
    				"type": "Between",
    				"fieldName": "rem_AFCT",
                    "from": "0",
        			"to": "200"

    			},
    			{
    				"type": "Between",
    				"fieldName": "rem_OFCT",
    				"from": "0",
        			"to": "200"
    			},
    			{
    				"type": "Between",
    				"fieldName": "rem_OSCT",
    				"from": "0",
        			"to": "200"
    			},
                	{
    				"type": "Between",
    				"fieldName": "rem_OCT",
    				"from": "0",
        			"to": "200"
    			},
                	{
    				"type": "Between",
    				"fieldName": "rem_RGT",
    				"from": "0",
        			"to": "200"
    			},
                {
    				"type": "Between",
    				"fieldName": "rem_PFCT",
    				"from": "0",
        			"to": "200"
    			},
                {
    				"type": "Between",
    				"fieldName": "rem_MPV",
    				"from": "0",
        			"to": "200"
    			},
                {
    				"type": "Between",
    				"fieldName": "rem_BDV",
    				"from": "0",
        			"to": "200"
    			},
                {
    				"type": "Between",
    				"fieldName": "rem_solenoid",
    				"from": "0",
        			"to": "200"
    			},
                {
    				"type": "Between",
    				"fieldName": "rem_ADV",
    				"from": "0",
        			"to": "200"
    			},
                {
    				"type": "Between",
    				"fieldName": "rem_oilSampleTest",
    				"from": "0",
        			"to": "200"
    			},
                {
    				"type": "Between",
    				"fieldName": "rem_SPM",
    				"from": "0",
        			"to": "200"
    			},
                {
    				"type": "Between",
    				"fieldName": "remaining_PF_FF",
    				"from": "0",
        			"to": "200"
    			},
                {
    				"type": "Between",
    				"fieldName": "rem_CF",
    				"from": "0",
        			"to": "200"
    			},
    		]
    	}
    };

 //result: INFOTABLE dataShape: "RootEntityList"
var thingsList =  ThingTemplates["ELGi.comp.ELGiMaster.TT"].QueryImplementingThingsWithData({
	maxItems: undefined /* NUMBER */,
	nameMask: undefined /* STRING */,
	query: query /* QUERY */,
	tags: undefined /* TAGS */
});
//var result = thingsList;

var tableLength = thingsList.rows.length;
for (var x=0; x < tableLength; x++) {
    var ThingName = thingsList.rows[x].name;
    Things[ThingName].IsServiceDue = true;
	//IsServiceDue = true;, IsServiceOverdue and IsServiceDueSoon
}]]></code></Row></Rows></ConfigurationTable></ConfigurationTables></ServiceImplementation><ServiceImplementation description="" handlerName="Script" name="SetisServiceDueSoon"><ConfigurationTables><ConfigurationTable description="" isMultiRow="false" name="Script" ordinal="0"><DataShape><FieldDefinitions><FieldDefinition baseType="STRING" description="code" name="code" ordinal="0"/></FieldDefinitions></DataShape><Rows><Row><code><![CDATA[var query = {
    	"filters": {
    		"type": "OR",
    		"filters": [
                {
    				"type": "Between",
    				"fieldName": "rem_AFCT",
    				"from": "200",
        			"to": "500"
    			},
    			{
    				"type": "Between",
    				"fieldName": "rem_OFCT",
    				"from": "200",
        			"to": "500"
    			},
    			{
    				"type": "Between",
    				"fieldName": "rem_OSCT",
    				"from": "200",
        			"to": "500"
    			},
                	{
    				"type": "Between",
    				"fieldName": "rem_OCT",
    				"from": "200",
        			"to": "500"
    			},
                	{
    				"type": "Between",
    				"fieldName": "rem_RGT",
    				"from": "200",
        			"to": "500"
    			},
                {
    				"type": "Between",
    				"fieldName": "rem_PFCT",
    				"from": "200",
        			"to": "500"
    			},
                {
    				"type": "Between",
    				"fieldName": "rem_MPV",
    				"from": "200",
        			"to": "500"
    			},
                {
    				"type": "Between",
    				"fieldName": "rem_BDV",
    				"from": "200",
        			"to": "500"
    			},
                {
    				"type": "Between",
    				"fieldName": "rem_solenoid",
    				"from": "200",
        			"to": "500"
    			},
                {
    				"type": "Between",
    				"fieldName": "rem_ADV",
    				"from": "200",
        			"to": "500"
    			},
                {
    				"type": "Between",
    				"fieldName": "rem_oilSampleTest",
    				"from": "200",
        			"to": "500"
    			},
                {
    				"type": "Between",
    				"fieldName": "rem_SPM",
    				"from": "200",
        			"to": "500"
    			},
                {
    				"type": "Between",
    				"fieldName": "remaining_PF_FF",
    				"from": "200",
        			"to": "500"
    			},
                {
    				"type": "Between",
    				"fieldName": "rem_CF",
    				"from": "200",
        			"to": "500"
    			},
    		]
    	}
    };

 //result: INFOTABLE dataShape: "RootEntityList"
var thingsList =  ThingTemplates["ELGi.comp.ELGiMaster.TT"].QueryImplementingThingsWithData({
	maxItems: undefined /* NUMBER */,
	nameMask: undefined /* STRING */,
	query: query /* QUERY */,
	tags: undefined /* TAGS */
});
//var result = thingsList;

var tableLength = thingsList.rows.length;
for (var x=0; x < tableLength; x++) {
    var ThingName = thingsList.rows[x].name;
    Things[ThingName].IsServiceDueSoon = true;
	//IsServiceDue = true;, IsServiceOverdue and IsServiceDueSoon
}]]></code></Row></Rows></ConfigurationTable></ConfigurationTables></ServiceImplementation><ServiceImplementation description="" handlerName="Script" name="SetOverDueService"><ConfigurationTables><ConfigurationTable description="" isMultiRow="false" name="Script" ordinal="0"><DataShape><FieldDefinitions><FieldDefinition baseType="STRING" description="code" name="code" ordinal="0"/></FieldDefinitions></DataShape><Rows><Row><code><![CDATA[//  IsServiceDue, IsServiceOverdue and IsServiceDueSoon

var query = {
    	"filters": {
    		"type": "OR",
    		"filters": [
                {
    				"type": "LT",
    				"fieldName": "rem_AFCT",
    				"value": 0
    			},
    			{
    				"type": "LT",
    				"fieldName": "rem_OFCT",
    				"value": 0
    			},
    			{
    				"type": "EQ",
    				"fieldName": "rem_OSCT",
    				"value": 0
    			},
                	{
    				"type": "LT",
    				"fieldName": "rem_OCT",
    				"value": 0
    			},
                	{
    				"type": "LT",
    				"fieldName": "rem_RGT",
    				"value": 0
    			},
                {
    				"type": "LT",
    				"fieldName": "rem_PFCT",
    				"value": 0
    			},
                {
    				"type": "LT",
    				"fieldName": "rem_MPV",
    				"value": 0
    			},
                {
    				"type": "LT",
    				"fieldName": "rem_BDV",
    				"value": 0
    			},
                {
    				"type": "LT",
    				"fieldName": "rem_solenoid",
    				"value": 0
    			},
                {
    				"type": "LT",
    				"fieldName": "rem_ADV",
    				"value": 0
    			},
                {
    				"type": "LT",
    				"fieldName": "rem_oilSampleTest",
    				"value": 0
    			},
                {
    				"type": "LT",
    				"fieldName": "rem_SPM",
    				"value": 0
    			},
                {
    				"type": "LT",
    				"fieldName": "remaining_PF_FF",
    				"value": 0
    			},
                {
    				"type": "LT",
    				"fieldName": "rem_CF",
    				"value": 0
    			},
    		]
    	}
    };

 //result: INFOTABLE dataShape: "RootEntityList"
var thingsList =  ThingTemplates["ELGi.comp.ELGiMaster.TT"].QueryImplementingThingsWithData({
	maxItems: undefined /* NUMBER */,
	nameMask: undefined /* STRING */,
	query: query /* QUERY */,
	tags: undefined /* TAGS */
});
//var result = thingsList;

var tableLength = thingsList.rows.length;
for (var x=0; x < tableLength; x++) {
    var ThingName = thingsList.rows[x].name;
    Things[ThingName].IsServiceOverdue = true;
	//IsServiceDue = true;, IsServiceOverdue and IsServiceDueSoon
}

////var params = {
////	t: thingsList /* INFOTABLE */,
////	columns: name /* STRING */
////};
////
////// result: INFOTABLE
////var result = Resources["InfoTableFunctions"].Distinct(params);
////]]></code></Row></Rows></ConfigurationTable></ConfigurationTables></ServiceImplementation><ServiceImplementation description="" handlerName="Script" name="SetUtilization_60_to_80_percentage"><ConfigurationTables><ConfigurationTable description="" isMultiRow="false" name="Script" ordinal="0"><DataShape><FieldDefinitions><FieldDefinition baseType="STRING" description="code" name="code" ordinal="0"/></FieldDefinitions></DataShape><Rows><Row><code><![CDATA[// dateValue:DATETIME
var dateValue = new Date();
var dateValue1 = new Date();
// dateAddDays(dateValue:DATETIME, amount:NUMBER):STRING
var calculatedDateValue = dateAddDays(dateValue, -1);
var calculatedDateValue1 = dateAddDays(dateValue1, -1);
var startdate = calculatedDateValue.setHours(0,0,0,0);
var enddate = calculatedDateValue1.setHours(23,59,0,0);
//var yesterdays_Date = calculatedDateValue;

var query = {
    	"filters": {
    		"type": "And",
    		"filters": [
                {
    				"type": "EQ",
    				"fieldName": "isVfd_Connected",
    				"value": false
    			},
    			{
    				"type": "Between",
    				"fieldName": "device_tIme",
    				"from": startdate ,
                    "to": enddate
    			},	{
    				"type": "Between",
    				"fieldName": "utilization",
    				"from": "60",
                    "to": "80"
    			}
    		]
    	}
    };

// result: INFOTABLE dataShape: "RootEntityList"
var thingsList =  ThingTemplates["ELGi.comp.ELGiMaster.TT"].QueryImplementingThingsWithData({
	maxItems: undefined /* NUMBER */,
	nameMask: undefined /* STRING */,
	query: query /* QUERY */,
	tags: undefined /* TAGS */
});
var result = thingsList;
var tableLength = thingsList.rows.length;
for (var x=0; x < tableLength; x++) {
    var ThingName = thingsList.rows[x].name;

   Things [ThingName].FixedCompUtil_80_to_60_per= true;
   
}

//FixedCompUtil_100_to_80_per
//FixedCompUtil_80_to_60_per
//FixedCompUtil_Less_than_60_per




//// If Required Then I can use this query
////
//var query = {
//    	"filters": {
//    		"type": "And",
//    		"filters": [
//                {
//    				"type": "EQ",
//    				"fieldName": "isVfd_Connected",
//    				"value": false
//    			},
//    			{
//    				"type": "EQ",
//    				"fieldName": "device_tIme",
//    				"value": yesterdays_Date
//    			}
//    		]
//    	}
//    };
//]]></code></Row></Rows></ConfigurationTable></ConfigurationTables></ServiceImplementation><ServiceImplementation description="" handlerName="Script" name="SetUtilization_80_to_100_percentage"><ConfigurationTables><ConfigurationTable description="" isMultiRow="false" name="Script" ordinal="0"><DataShape><FieldDefinitions><FieldDefinition baseType="STRING" description="code" name="code" ordinal="0"/></FieldDefinitions></DataShape><Rows><Row><code><![CDATA[// dateValue:DATETIME
var dateValue = new Date();
var dateValue1 = new Date();
// dateAddDays(dateValue:DATETIME, amount:NUMBER):STRING
var calculatedDateValue = dateAddDays(dateValue, -1);
var calculatedDateValue1 = dateAddDays(dateValue1, -1);
var startdate = calculatedDateValue.setHours(0,0,0,0);
var enddate = calculatedDateValue1.setHours(23,59,0,0);
//var yesterdays_Date = calculatedDateValue;
var query = {
    	"filters": {
    		"type": "And",
    		"filters": [
                {
    				"type": "EQ",
    				"fieldName": "isVfd_Connected",
    				"value": false
    			},
    			{
    				"type": "Between",
    				"fieldName": "device_tIme",
    				"from": startdate ,
                    "to": enddate
    			},	{
    				"type": "Between",
    				"fieldName": "utilization",
    				"from": "80",
                    "to": "100"
    			}
    		]
    	}
    };

// result: INFOTABLE dataShape: "RootEntityList"
var thingsList =  ThingTemplates["ELGi.comp.ELGiMaster.TT"].QueryImplementingThingsWithData({
	maxItems: undefined /* NUMBER */,
	nameMask: undefined /* STRING */,
	query: query /* QUERY */,
	tags: undefined /* TAGS */
});
var result = thingsList;
var tableLength = thingsList.rows.length;
for (var x=0; x < tableLength; x++) {
    var ThingName = thingsList.rows[x].name;
    Things [ThingName].FixedCompUtil_100_to_80_per = true;
}


//FixedCompUtil_100_to_80_per
//FixedCompUtil_80_to_60_per
//FixedCompUtil_Less_than_60_per]]></code></Row></Rows></ConfigurationTable></ConfigurationTables></ServiceImplementation><ServiceImplementation description="" handlerName="Script" name="SetUtilization_LessThan_50_percentService"><ConfigurationTables><ConfigurationTable description="" isMultiRow="false" name="Script" ordinal="0"><DataShape><FieldDefinitions><FieldDefinition baseType="STRING" description="code" name="code" ordinal="0"/></FieldDefinitions></DataShape><Rows><Row><code><![CDATA[// dateValue:DATETIME
var dateValue = new Date();
var dateValue1 = new Date();
// dateAddDays(dateValue:DATETIME, amount:NUMBER):STRING
var calculatedDateValue = dateAddDays(dateValue, -1);
var calculatedDateValue1 = dateAddDays(dateValue1, -1);
var startdate = calculatedDateValue.setHours(0,0,0,0);
var enddate = calculatedDateValue1.setHours(23,59,0,0);
//var yesterdays_Date = calculatedDateValue;
var query = {
    	"filters": {
    		"type": "And",
    		"filters": [
                {
    				"type": "EQ",
    				"fieldName": "isVfd_Connected",
    				"value": true
    			},
    			{
    				"type": "Between",
    				"fieldName": "device_tIme",
    				"from": startdate ,
                    "to": enddate
    			}
    		]
    	}
    };

// result: INFOTABLE dataShape: "RootEntityList"
var thingsList =  ThingTemplates["ELGi.comp.ELGiMaster.TT"].QueryImplementingThingsWithData({
	maxItems: undefined /* NUMBER */,
	nameMask: undefined /* STRING */,
	query: query /* QUERY */,
	tags: undefined /* TAGS */
});
var result = thingsList;
var tableLength = thingsList.rows.length;
for (var x=0; x < tableLength; x++) {
    var ThingName = thingsList.rows[x].name;
    var MedianVFDSpeed = Things [ThingName].MedianVFDSpeed_Per;
    if(MedianVFDSpeed < 50){
   Things[ThingName].FixedCompUtil_Less_than_50_per= true;
}
else if (MedianVFDSpeed > 50 ){
	Things[ThingName].FixedCompUtil_Greater_than_50_per = true;
}
}

//FixedCompUtil_Greater_than_50_per





//// If Required Then I can use this query
//var query = {
//    	"filters": {
//    		"type": "And",
//    		"filters": [
//                {
//    				"type": "EQ",
//    				"fieldName": "isVfd_Connected",
//    				"value": true
//    			},
//    			{
//    				"type": "EQ",
//    				"fieldName": "device_tIme",
//    				"value": yesterdays_Date
//    			}
//    		]
//    	}
//    };]]></code></Row></Rows></ConfigurationTable></ConfigurationTables></ServiceImplementation><ServiceImplementation description="" handlerName="Script" name="SetUtilization_LessThan_60_percent"><ConfigurationTables><ConfigurationTable description="" isMultiRow="false" name="Script" ordinal="0"><DataShape><FieldDefinitions><FieldDefinition baseType="STRING" description="code" name="code" ordinal="0"/></FieldDefinitions></DataShape><Rows><Row><code><![CDATA[// dateValue:DATETIME
var dateValue = new Date();
var dateValue1 = new Date();
// dateAddDays(dateValue:DATETIME, amount:NUMBER):STRING
var calculatedDateValue = dateAddDays(dateValue, -1);
var calculatedDateValue1 = dateAddDays(dateValue1, -1);
var startdate = calculatedDateValue.setHours(0,0,0,0);
var enddate = calculatedDateValue1.setHours(23,59,0,0);
//var yesterdays_Date = calculatedDateValue;
var query = {
    	"filters": {
    		"type": "And",
    		"filters": [
                {
    				"type": "EQ",
    				"fieldName": "isVfd_Connected",
    				"value": false
    			},{
    				"type": "Between",
    				"fieldName": "device_tIme",
    				"from": startdate ,
                    "to": enddate
    			},	
    			{
    				"type": "LT",
    				"fieldName": "utilization",
    				"value": "60"
    			}
    		]
    	}
    };

// result: INFOTABLE dataShape: "RootEntityList"
var thingsList =  ThingTemplates["ELGi.comp.ELGiMaster.TT"].QueryImplementingThingsWithData({
	maxItems: undefined /* NUMBER */,
	nameMask: undefined /* STRING */,
	query: query /* QUERY */,
	tags: undefined /* TAGS */
});
var result = thingsList;
var tableLength = thingsList.rows.length;
for (var x=0; x < tableLength; x++) {
    var ThingName = thingsList.rows[x].name;

    Things [ThingName].FixedCompUtil_Less_than_60_per = true;

}
//FixedCompUtil_100_to_80_per
//FixedCompUtil_80_to_60_per
//FixedCompUtil_Less_than_60_per






//// If Required Then I can use this query
////
//var query = {
//    	"filters": {
//    		"type": "And",
//    		"filters": [
//                {
//    				"type": "EQ",
//    				"fieldName": "isVfd_Connected",
//    				"value": false
//    			},
//    			{
//    				"type": "EQ",
//    				"fieldName": "device_tIme",
//    				"value": yesterdays_Date
//    			}
//    		]
//    	}
//    };
//]]></code></Row></Rows></ConfigurationTable></ConfigurationTables></ServiceImplementation><ServiceImplementation description="" handlerName="Script" name="SetUtilization_LessThanOrGreaterThan_50_percentService"><ConfigurationTables><ConfigurationTable description="" isMultiRow="false" name="Script" ordinal="0"><DataShape><FieldDefinitions><FieldDefinition baseType="STRING" description="code" name="code" ordinal="0"/></FieldDefinitions></DataShape><Rows><Row><code><![CDATA[// dateValue:DATETIME
var dateValue = new Date();
var dateValue1 = new Date();
// dateAddDays(dateValue:DATETIME, amount:NUMBER):STRING
var calculatedDateValue = dateAddDays(dateValue, -1);
var calculatedDateValue1 = dateAddDays(dateValue1, -1);
var startdate = calculatedDateValue.setHours(0,0,0,0);
var enddate = calculatedDateValue1.setHours(23,59,0,0);
//var yesterdays_Date = calculatedDateValue;
var query = {
    	"filters": {
    		"type": "And",
    		"filters": [
                {
    				"type": "EQ",
    				"fieldName": "isVfd_Connected",
    				"value": true
    			},
    			{
    				"type": "Between",
    				"fieldName": "device_tIme",
    				"from": startdate ,
                    "to": enddate
    			}
    		]
    	}
    };

// result: INFOTABLE dataShape: "RootEntityList"
var thingsList =  ThingTemplates["ELGi.comp.ELGiMaster.TT"].QueryImplementingThingsWithData({
	maxItems: undefined /* NUMBER */,
	nameMask: undefined /* STRING */,
	query: query /* QUERY */,
	tags: undefined /* TAGS */
});
var result = thingsList;
var tableLength = thingsList.rows.length;
for (var x=0; x < tableLength; x++) {
    var ThingName = thingsList.rows[x].name;
    var MedianVFDSpeed = Things [ThingName].MedianVFDSpeed_Per;
    if(MedianVFDSpeed < 50){
   Things[ThingName].FixedCompUtil_Less_than_50_per= true;
}
else if (MedianVFDSpeed > 50 ){
	Things[ThingName].FixedCompUtil_Greater_than_50_per = true;
}
}

//FixedCompUtil_Greater_than_50_per





//// If Required Then I can use this query
//var query = {
//    	"filters": {
//    		"type": "And",
//    		"filters": [
//                {
//    				"type": "EQ",
//    				"fieldName": "isVfd_Connected",
//    				"value": true
//    			},
//    			{
//    				"type": "EQ",
//    				"fieldName": "device_tIme",
//    				"value": yesterdays_Date
//    			}
//    		]
//    	}
//    };]]></code></Row></Rows></ConfigurationTable></ConfigurationTables></ServiceImplementation></ServiceImplementations><Subscriptions/></ThingShape><PropertyBindings/><RemotePropertyBindings/><RemoteServiceBindings/><RemoteEventBindings/><AlertConfigurations/><ImplementedShapes/><ThingProperties/><ConfigurationChanges><ConfigurationChange changeAction="CREATE" changeReason="" timestamp="2020-10-29T10:06:44.681Z" user="Prasoon Kumar"/></ConfigurationChanges></Thing></Things></Entities>