<?xml version="1.0" encoding="UTF-8" standalone="no"?><Entities build="b414" majorVersion="8" minorVersion="5" modelPersistenceProviderPackage="PostgresPersistenceProviderPackage" revision="8" schemaVersion="1054" universal="password"><Things><Thing description="" documentationContent="" effectiveThingPackage="ConfiguredThing" enabled="true" homeMashup="" identifier="" lastModifiedDate="2020-11-25T13:22:43.045Z" name="ELGI.COMP.ThingModelHelper.Thing" projectName="ELGi.comp.ELGiEcosystem.Project" published="false" tags="ELGi.comp.ELGiEcosystem.MTag:ELGiEcosystem;ELGiEcosystemTag:HelperThing" thingTemplate="GenericThing" valueStream=""><Owner name="Prasoon Kumar" type="User"/><avatar/><DesignTimePermissions><Create/><Read/><Update/><Delete/><Metadata/></DesignTimePermissions><RunTimePermissions><Permissions resourceName="*"><PropertyRead><Principal isPermitted="true" name="Users" type="Group"/></PropertyRead><PropertyWrite/><ServiceInvoke><Principal isPermitted="true" name="Users" type="Group"/></ServiceInvoke><EventInvoke/><EventSubscribe/></Permissions></RunTimePermissions><VisibilityPermissions><Visibility><Principal isPermitted="true" name="ELGI_ORG" type="Organization"/></Visibility></VisibilityPermissions><ConfigurationTableDefinitions/><ConfigurationTables/><ThingShape><PropertyDefinitions><PropertyDefinition aspect.cacheTime="0.0" aspect.dataChangeType="VALUE" aspect.isPersistent="true" baseType="STRING" category="" description="" isLocalOnly="false" name="EntityTag" ordinal="3"/><PropertyDefinition aspect.cacheTime="0.0" aspect.dataChangeType="VALUE" aspect.defaultValue="ELGi.COMP.ThingData.VS" aspect.isPersistent="true" baseType="STRING" category="" description="" isLocalOnly="false" name="LocalThingValueSream" ordinal="4"/><PropertyDefinition aspect.cacheTime="0.0" aspect.dataChangeType="VALUE" aspect.defaultValue="ELGi.comp.ELGiEcosystem.Project" aspect.isPersistent="true" baseType="STRING" category="" description="" isLocalOnly="false" name="ProjectName" ordinal="2"/></PropertyDefinitions><ServiceDefinitions><ServiceDefinition aspect.isAsync="false" category="ELGI" description="This thing takes input as decimal integer number&#10;and converts into binary&#10;" isAllowOverride="false" isLocalOnly="false" isOpen="false" isPrivate="false" name="ConvertDecToBinary"><ResultType baseType="STRING" description="" name="result" ordinal="0"/><ParameterDefinitions><FieldDefinition baseType="INTEGER" description="" name="decimalNumber" ordinal="1"/></ParameterDefinitions></ServiceDefinition><ServiceDefinition aspect.isAsync="false" category="ELGI" description="" isAllowOverride="false" isLocalOnly="false" isOpen="false" isPrivate="false" name="CreateThing"><ResultType baseType="THINGNAME" description="" name="result" ordinal="0"/><ParameterDefinitions><FieldDefinition baseType="STRING" description="" name="fabNumber" ordinal="1"/><FieldDefinition aspect.dataShape="ELGi.COMP.ThingShapeList.DS" baseType="INFOTABLE" description="" name="shapes_list" ordinal="3"/><FieldDefinition baseType="THINGTEMPLATENAME" description="" name="template_name" ordinal="2"/></ParameterDefinitions></ServiceDefinition><ServiceDefinition aspect.isAsync="false" category="" description="" isAllowOverride="false" isLocalOnly="false" isOpen="false" isPrivate="false" name="CreateThing1"><ResultType baseType="NOTHING" description="" name="result" ordinal="0"/><ParameterDefinitions><FieldDefinition aspect.defaultValue="FABFForSimlaHouseSurma" baseType="STRING" description="" name="FabNumber" ordinal="6"/><FieldDefinition aspect.defaultValue="true" baseType="BOOLEAN" description="" name="IsSumpPressure" ordinal="3"/><FieldDefinition aspect.defaultValue="true" baseType="BOOLEAN" description="" name="IsVfdOrNot" ordinal="4"/><FieldDefinition aspect.defaultValue="EPSAC" baseType="STRING" description="" name="MachineGroup" ordinal="1"/><FieldDefinition aspect.defaultValue="CVD20" baseType="STRING" description="" name="MachineType" ordinal="2"/><FieldDefinition aspect.defaultValue="Neuron4" baseType="STRING" description="" name="NeuronType" ordinal="5"/></ParameterDefinitions></ServiceDefinition><ServiceDefinition aspect.isAsync="false" category="" description="Script to Permanent Or Temporary Decommissioning of Device" isAllowOverride="false" isLocalOnly="false" isOpen="false" isPrivate="false" name="DecommissionDevice"><ResultType baseType="NOTHING" description="" name="result" ordinal="0"/><ParameterDefinitions><FieldDefinition baseType="THINGNAME" description="" name="remoteThingName" ordinal="1"/><FieldDefinition baseType="STRING" description="" name="type" ordinal="2"/></ParameterDefinitions></ServiceDefinition><ServiceDefinition aspect.isAsync="false" category="ELGI" description="Gets the list of things on the basis of filters&#10;&#10;&#10;Here we get things that’s have perticular Thing shapes implemented&#10;In this service ThingDetailsWithData data shape  through&#10;we get all the data shapes because every fieldname of &#10;shape is ThingShapes Name &#10;so every fieldname with name and adding this shapes&#10;into another infotable where we get all the required &#10;shapes only then QueryImplementingThingsWithNamedData&#10;in adding that shapes list THEN we get all the things list&#10;that haves this shapes already implemented &#10;" isAllowOverride="false" isLocalOnly="false" isOpen="false" isPrivate="false" name="GetCommisionedThingsList"><ResultType aspect.dataShape="RootEntityList" baseType="INFOTABLE" description="" name="result" ordinal="0"/><ParameterDefinitions><FieldDefinition baseType="STRING" description="" name="machine" ordinal="1"/><FieldDefinition baseType="STRING" description="" name="nameMask" ordinal="3"/><FieldDefinition baseType="STRING" description="" name="region" ordinal="2"/></ParameterDefinitions></ServiceDefinition><ServiceDefinition aspect.isAsync="false" category="" description="" isAllowOverride="false" isLocalOnly="false" isOpen="false" isPrivate="false" name="GetRegisteredDevices"><ResultType aspect.dataShape="ELGi.COMP.RegisteredDevices.DS" baseType="INFOTABLE" description="" name="result" ordinal="0"/><ParameterDefinitions><FieldDefinition aspect.PP-29adbcab-6414-4580-b7d2-45268f7d8e54="{&quot;defaultValue1605099164047&quot;:&quot;PP-29adbcab-6414-4580-b7d2-45268f7d8e54-defaultValue1605099164047&quot;}" aspect.defaultValue="2020-11-10T18:30:00.000Z" baseType="DATETIME" description="" name="End" ordinal="2"/><FieldDefinition aspect.PP-918cd87a-31a2-4e38-9f19-ac3c05351914="{&quot;defaultValue1605099156440&quot;:&quot;PP-918cd87a-31a2-4e38-9f19-ac3c05351914-defaultValue1605099156440&quot;}" aspect.PP-b8f385eb-9977-4ef4-8cd7-c7e8820b8961="{&quot;defaultValue1605099193090&quot;:&quot;PP-b8f385eb-9977-4ef4-8cd7-c7e8820b8961-defaultValue1605099193090&quot;,&quot;defaultValue1605099193165&quot;:&quot;PP-b8f385eb-9977-4ef4-8cd7-c7e8820b8961-defaultValue1605099193165&quot;}" aspect.defaultValue="2020-09-29T18:30:00.000Z" baseType="DATETIME" description="" name="From" ordinal="1"/></ParameterDefinitions></ServiceDefinition><ServiceDefinition aspect.isAsync="false" category="" description="" isAllowOverride="false" isLocalOnly="false" isOpen="false" isPrivate="false" name="GetSetMachineName"><ResultType aspect.dataShape="ELGI.COMP.MachineNameSetting.DS" baseType="INFOTABLE" description="" name="result" ordinal="0"/><ParameterDefinitions><FieldDefinition aspect.dataShape="ELGI.COMP.MachineNameSetting.DS" baseType="INFOTABLE" description="" name="UpdateTable" ordinal="1"/></ParameterDefinitions></ServiceDefinition><ServiceDefinition aspect.isAsync="false" category="ELGI" description="Gets the list of things on the basis of filters&#10;&#10;&#10;Here we get things that’s have perticular Thing shapes implemented&#10;In this service ThingDetailsWithData data shape  through&#10;we get all the data shapes because every fieldname of &#10;shape is ThingShapes Name &#10;so every fieldname with name and adding this shapes&#10;into another infotable where we get all the required &#10;shapes only then QueryImplementingThingsWithNamedData&#10;in adding that shapes list THEN we get all the things list&#10;that haves this shapes already implemented &#10;" isAllowOverride="false" isLocalOnly="false" isOpen="false" isPrivate="false" name="GetThingsWithData"><ResultType aspect.dataShape="RootEntityList" baseType="INFOTABLE" description="" name="result" ordinal="0"/><ParameterDefinitions><FieldDefinition baseType="STRING" description="" name="machine" ordinal="1"/><FieldDefinition baseType="STRING" description="" name="nameMask" ordinal="3"/><FieldDefinition baseType="STRING" description="" name="region" ordinal="2"/></ParameterDefinitions></ServiceDefinition><ServiceDefinition aspect.isAsync="false" category="ELGI" description="Gets the list of things on the basis of filters&#10;&#10;&#10;Here we get things that’s have perticular Thing shapes implemented&#10;In this service ThingDetailsWithData data shape  through&#10;we get all the data shapes because every fieldname of &#10;shape is ThingShapes Name &#10;so every fieldname with name and adding this shapes&#10;into another infotable where we get all the required &#10;shapes only then QueryImplementingThingsWithNamedData&#10;in adding that shapes list THEN we get all the things list&#10;that haves this shapes already implemented &#10;" isAllowOverride="false" isLocalOnly="false" isOpen="false" isPrivate="false" name="GetThingsWithDataCopy"><ResultType aspect.dataShape="RootEntityList" baseType="INFOTABLE" description="" name="result" ordinal="0"/><ParameterDefinitions><FieldDefinition baseType="STRING" description="" name="machine" ordinal="1"/><FieldDefinition baseType="STRING" description="" name="nameMask" ordinal="3"/><FieldDefinition baseType="STRING" description="" name="region" ordinal="2"/></ParameterDefinitions></ServiceDefinition><ServiceDefinition aspect.isAsync="false" category="ELGI" description="This service is for to get data table entrires on the&#10;basis of added filter&#10;&#10;This service is for to get data table entrires on the&#10;basis of added filter as CHECK THE INPUT IS SAME AS IN &#10;THAT DATA TABLE THEN TAKE THAT DATA TABLE ENTRY&#10;taken following inputs to our for query &#10;machine_group ,sump_available ,vfd_available,&#10;winding_temp_available ,dryer_available,single_stage_available ,&#10;double_stage_available,water_cooled_available,&#10;rtd_available,btd_available,vibration_available,&#10;neuron_type&#10;" isAllowOverride="false" isLocalOnly="false" isOpen="false" isPrivate="false" name="QueryDataTableForThingCreationOrUpdation"><ResultType aspect.dataShape="ELGI.COMP.CreateOrUpdateThingMappings.DS" baseType="INFOTABLE" description="" name="result" ordinal="0"/><ParameterDefinitions><FieldDefinition baseType="INTEGER" description="" name="machine_details_1" ordinal="2"/><FieldDefinition baseType="INTEGER" description="" name="machine_details_2" ordinal="2"/></ParameterDefinitions></ServiceDefinition><ServiceDefinition aspect.isAsync="false" category="ELGI" description="From this input we get thing name also&#10;&quot; Rated_Power,Rated_Pressure, Rated_CFM ,&#10;Operating_Voltage ,Operating_Frequency ,&#10;Manufacture_date ,TPL_No ,thingName ,&#10;Machine_variant &quot; ………… here we get thing name &#10;then get the thing names perticulate property name and &#10;put that perticular property for things perticular property&#10;" isAllowOverride="false" isLocalOnly="false" isOpen="false" isPrivate="false" name="SetLNProperties"><ResultType baseType="BOOLEAN" description="" name="result" ordinal="0"/><ParameterDefinitions><FieldDefinition baseType="STRING" description="" name="Machine_variant" ordinal="9"/><FieldDefinition baseType="STRING" description="" name="Manufacture_date" ordinal="6"/><FieldDefinition baseType="STRING" description="" name="Operating_Frequency" ordinal="5"/><FieldDefinition baseType="STRING" description="" name="Operating_Voltage" ordinal="4"/><FieldDefinition baseType="STRING" description="" name="Rated_CFM" ordinal="3"/><FieldDefinition baseType="STRING" description="" name="Rated_Power" ordinal="1"/><FieldDefinition baseType="STRING" description="" name="Rated_Pressure" ordinal="2"/><FieldDefinition baseType="THINGNAME" description="" name="thingName" ordinal="8"/><FieldDefinition baseType="STRING" description="" name="TPL_No" ordinal="7"/></ParameterDefinitions></ServiceDefinition><ServiceDefinition aspect.isAsync="false" category="" description="" isAllowOverride="false" isLocalOnly="false" isOpen="false" isPrivate="false" name="SetMachineNameThrough_EditTable_Service"><ResultType baseType="INFOTABLE" description="" name="result" ordinal="0"/><ParameterDefinitions><FieldDefinition aspect.dataShape="ELGI.COMP.MachineNameSetting.DS" baseType="INFOTABLE" description="" name="UpdateTable" ordinal="1"/></ParameterDefinitions></ServiceDefinition><ServiceDefinition aspect.isAsync="false" category="" description="" isAllowOverride="false" isLocalOnly="false" isOpen="false" isPrivate="false" name="SetThingsListInSession"><ResultType baseType="NOTHING" description="" name="result" ordinal="0"/><ParameterDefinitions><FieldDefinition aspect.dataShape="ELGi.COMP.ThingDetailsWithData.DS" baseType="INFOTABLE" description="" name="thingsList" ordinal="1"/></ParameterDefinitions></ServiceDefinition><ServiceDefinition aspect.isAsync="false" category="" description="" isAllowOverride="false" isLocalOnly="false" isOpen="false" isPrivate="false" name="t4"><ResultType baseType="NOTHING" description="" name="result" ordinal="0"/><ParameterDefinitions/></ServiceDefinition><ServiceDefinition aspect.isAsync="false" category="ELGI" description="In this input through we get&#10;MachineGroup,MachineType ,IsSumpPressure ,&#10;IsVfdOrNot ,NeuronType query this input properties&#10;and added this query on to query data table entries&#10;we get perticular entry then we have to check the input &#10;FabNumber (It is nothing but thing name) in this &#10;thing shapes available or not  IF NOT AVAILABLE THEN&#10;.. add perticukar thing shape into thing&#10;" isAllowOverride="false" isLocalOnly="false" isOpen="false" isPrivate="false" name="UpdateThing"><ResultType baseType="NOTHING" description="" name="result" ordinal="0"/><ParameterDefinitions><FieldDefinition baseType="STRING" description="" name="FabNumber" ordinal="6"/><FieldDefinition baseType="STRING" description="" name="IsSumpPressure" ordinal="3"/><FieldDefinition baseType="STRING" description="" name="IsVfdOrNot" ordinal="4"/><FieldDefinition baseType="STRING" description="" name="MachineGroup" ordinal="1"/><FieldDefinition baseType="STRING" description="" name="MachineType" ordinal="2"/><FieldDefinition baseType="STRING" description="" name="NeuronType" ordinal="5"/></ParameterDefinitions></ServiceDefinition></ServiceDefinitions><EventDefinitions/><ServiceMappings/><ServiceImplementations><ServiceImplementation description="" handlerName="Script" name="ConvertDecToBinary"><ConfigurationTables><ConfigurationTable description="" isMultiRow="false" name="Script" ordinal="0"><DataShape><FieldDefinitions><FieldDefinition baseType="STRING" description="code" name="code" ordinal="0"/></FieldDefinitions></DataShape><Rows><Row><code><![CDATA[var binaryNum = (decimalNumber >>> 0).toString(2);

var length = binaryNum.length;
var iterationCount = 16 - length;
var prefix = '';
for(var x = 0 ; x < iterationCount ; x++ ){
	prefix += '0'; 
}

var result = prefix + '' + binaryNum;]]></code></Row></Rows></ConfigurationTable></ConfigurationTables></ServiceImplementation><ServiceImplementation description="" handlerName="Script" name="CreateThing"><ConfigurationTables><ConfigurationTable description="" isMultiRow="false" name="Script" ordinal="0"><DataShape><FieldDefinitions><FieldDefinition baseType="STRING" description="code" name="code" ordinal="0"/></FieldDefinitions></DataShape><Rows><Row><code><![CDATA[//
// CreateThing Service
// * fabNumber - STRING
// * template_name - TEMPLATENAME
// * shapes_list - INFOTABLE

//Service to Create Local Thing and Add Shapes to it
if (template_name !== undefined && template_name !== null) {
	try {
		var _splits = ("" + me.EntityTag).split(":");
		var _vocabulary = _splits[0];
		var _vocabularyTerm = _splits[1];
		var splitTags = [{
			type: "ModelTagVocabulary",
			vocabulary: _vocabulary,
			vocabularyTerm: _vocabularyTerm
		}];
		var params = {
			name: fabNumber /* STRING */ ,
			description: "" /* STRING */ ,
			thingTemplateName: template_name /* THINGTEMPLATENAME */ ,
			tags: splitTags /* TAGS */
		};
		// no return
		if (!Things[params.name]) {
			logger.warn("Calling with:" + JSON.stringify(params));
			// try to create only if does not exist
			Resources["EntityServices"].CreateThing(params);
		}
		// Add Thing Shapes to thing
		if (shapes_list !== undefined && shapes_list !== null && shapes_list.rows.length > 0) {
			var tableLength = shapes_list.rows.length;
			for (var x = 0; x < tableLength; x++) {
				// Get the shape we need to add to Thing
				var thingShape = shapes_list.rows[x].ShapeName;
				var params1 = {
					name: fabNumber /* THINGNAME */ ,
					thingShapeName: thingShape /* THINGSHAPENAME */
				};
				// no return
				try {
					Resources["EntityServices"].AddShapeToThing(params1);
				} catch (ex) {
					// this will fail when thing shape is already implemented
					// can be ignored
				}
			}
		}

		Things[fabNumber].EnableThing(); //Enable Thing
		Things[fabNumber].RestartThing(); //Restart Thing				
		//Assign Project
		Things[fabNumber].SetProjectName({
			projectName: me.ProjectName /* PROJECTNAME */
		});

		// Set Value Stream for the Thing
		Things[fabNumber].SetValueStream({
			name: me.LocalThingValueSream /* THINGNAME */
		});

		Things[fabNumber].AddRunTimePermission({
			principal: 'Users' /* STRING */ ,
			allow: 'true' /* BOOLEAN */ ,
			resource: 'machine_name' /* STRING */ ,
			type: 'PropertyWrite' /* STRING */ ,
			principalType: 'Group' /* STRING */
		});

		var result = fabNumber;
		logger.info(fabNumber + " Thing created successfully !!");

	} catch (ex) {
		logger.error("Failed to create and init Thing '" + fabNumber + "'" + ex + " " + ex.stack);
		//Delete Ghost Thing   
		var params2 = {
			name: fabNumber /* THINGNAME */
		};
		// no return
		try {
			if (!!Things[fabNumber])
				Resources["EntityServices"].DeleteThing(params2);
		} catch (ex2) {
			logger.error("Failed to Delete Thing: " + ex2);
		}
	}
} //? got template name]]></code></Row></Rows></ConfigurationTable></ConfigurationTables></ServiceImplementation><ServiceImplementation description="" handlerName="Script" name="CreateThing1"><ConfigurationTables><ConfigurationTable description="" isMultiRow="false" name="Script" ordinal="0"><DataShape><FieldDefinitions><FieldDefinition baseType="STRING" description="code" name="code" ordinal="0"/></FieldDefinitions></DataShape><Rows><Row><code><![CDATA[// MachineGroup EPSAC    MachineType CVD20 IsSumpPressure T IsVfdOrNot T FabNumber FABFForSimlaHouseS  NeuronType Neuron4
//=====================Query Logic================================

    var tagOfProject = "ELGi.comp.ELGiEcosystem.MTag:ELGiEcosystem";
    var ProjectName = "ELGi.comp.ELGiEcosystem.Project";
    
	var params = {
    	infoTableName: "InfoTable",
    	dataShapeName: "PropertyDefinition"
    };

    // CreateInfoTableFromDataShape(infoTableName:STRING("InfoTable"), dataShapeName:STRING):INFOTABLE(ELGi.COMP.ThingShapeList.DS)
    var shape = Resources["InfoTableFunctions"].CreateInfoTableFromDataShape(params);
    shape.AddRow({
    	name: "ShapeList"
    });

	//In below query we check input with our real data matching
    var query = {
    	"filters": {
    		"type": "And",
    		"filters": [{
    				"type": "EQ",
    				"fieldName": "MachineGroup",
    				"value": MachineGroup
    			},
    			{
    				"type": "EQ",
    				"fieldName": "MachineType",
    				"value": MachineType
    			},
    			{
    				"type": "EQ",
    				"fieldName": "IsSumpAvailable",
    				"value": IsSumpPressure
    			},
    			{
    				"type": "EQ",
    				"fieldName": "IsVfdOrNot",
    				"value": IsVfdOrNot
    			},
    			{
    				"type": "EQ",
    				"fieldName": "NeuronType",
    				"value": NeuronType
    			}
    		]
    	}
    };

	// After query we ask data table to give this perticulater data for furture results
    // result: INFOTABLE dataShape: ""
    var queryResult = Things["CreateThingDataTable.DT"].QueryDataTableEntries({
    	maxItems: undefined /* NUMBER */ ,
    	values: undefined /* INFOTABLE */ ,
    	query: query /* QUERY */ ,
    	source: undefined /* STRING */ ,
    	tags: undefined /* TAGS */
    });
	//here we get all the required data from data table
	// And we takes template name for furture thing creation operations
    var templateName = queryResult.ThingTemplateName;
    var shape1 = queryResult.ShapeList;
   

    if (templateName !== undefined && templateName !== null && templateName.length > 0) {
    	
    	try {
            // In this function we create thing here we get template name and we are creatiing thing
    		var params1 = {
    			name: FabNumber /* STRING */ ,
    			description: undefined /* STRING */ ,
    			thingTemplateName: templateName /* THINGTEMPLATENAME */ ,
    			tags: tagOfProject /* TAGS */
    		};
    		// no return
    		Resources["EntityServices"].CreateThing(params1);

    		//Enable Thing before adding project name because programatically created thing is not enable for further operations
    		Things[FabNumber].EnableThing();

    		//Restart Thing
    		Things[FabNumber].RestartThing();
			
    		// here we get shapes one by one through this iteration
    		var tableLength = shape1.rows.length;
    		for (var x = 0; x < tableLength; x++) {
    			var thingShape = shape1.rows[x].ShapeName;
                // here got shape and we are adding into thing through Add ThingShape method
    			var params7 = {
    				name: FabNumber /* THINGNAME */ ,
    				thingShapeName: thingShape /* THINGSHAPENAME */
    			};

    			// no return
    			Resources["EntityServices"].AddShapeToThing(params7);

    		}

    		//Assign Project to thing
    		Things[FabNumber].SetProjectName({
    			projectName: ProjectName /* PROJECTNAME */
    		});
    		logger.info(FabNumber + " Thing created successfully !!");
    	} catch (e) {
    		logger.error("Thing cannot be created due to some error");
    		//Delete Ghost Thing   
    		var params2 = {
    			name: FabNumber /* THINGNAME */
    		};
    		// no return
    		Resources["EntityServices"].DeleteThing(params2);
    	}
    }]]></code></Row></Rows></ConfigurationTable></ConfigurationTables></ServiceImplementation><ServiceImplementation description="" handlerName="Script" name="DecommissionDevice"><ConfigurationTables><ConfigurationTable description="" isMultiRow="false" name="Script" ordinal="0"><DataShape><FieldDefinitions><FieldDefinition baseType="STRING" description="code" name="code" ordinal="0"/></FieldDefinitions></DataShape><Rows><Row><code><![CDATA[try {
	var locaThingName = remoteThingName.substr(7);
	if (type === "Temporary") {

		Things[remoteThingName].UnregisterApplication({
			timeoutSec: undefined /* INTEGER */ ,
			shouldShutdown: true /* BOOLEAN */
		});

		//Disable Remote Thing    
		Things[remoteThingName].DisableThing();

		//Disable Local Thing
		Things[locaThingName].DisableThing();

	} else if (type === "Permanent") {

		Things[remoteThingName].UnregisterApplication({
			timeoutSec: undefined /* INTEGER */ ,
			shouldShutdown: true /* BOOLEAN */
		});

		//Disable Remote Thing    
		Things[remoteThingName].DisableThing();

		//Disable Local Thing
		Things[locaThingName].DisableThing();
	}
} catch (err) {
	logger.error(remoteThingName + " cannot be Decommissioned due to error. " + err);
}]]></code></Row></Rows></ConfigurationTable></ConfigurationTables></ServiceImplementation><ServiceImplementation description="" handlerName="Script" name="GetCommisionedThingsList"><ConfigurationTables><ConfigurationTable description="" isMultiRow="false" name="Script" ordinal="0"><DataShape><FieldDefinitions><FieldDefinition baseType="STRING" description="code" name="code" ordinal="0"/></FieldDefinitions></DataShape><Rows><Row><code><![CDATA[try {
	
//	var params = {
//		infoTableName: "InfoTable",
//		dataShapeName: "ELGi.COMP.ThingDetailsWithData.DS"
//	};
//
//	// CreateInfoTableFromDataShape(infoTableName:STRING("InfoTable"), dataShapeName:STRING):INFOTABLE(ELGi.COMP.ThingDetailsWithData.DS)
//	var result1 = Resources["InfoTableFunctions"].CreateInfoTableFromDataShape(params);
	//logger.debug("Machine GROUP :: " + machine);
//	var params2 = {
//		infoTableName: "InfoTable",
//		dataShapeName: "EntityList"
//	};
	// CreateInfoTableFromDataShape
	//var propInfoTable = Resources["InfoTableFunctions"].CreateInfoTableFromDataShape(params2);

	// Will be used in TWX 8.5    
	// infotable datashape iteration
	//var dataShapeFields = result1.dataShape.fields;
	//for (var fieldName in dataShapeFields) {
	//    var columnName = dataShapeFields[fieldName].name;
	//    if(columnName !== 'name'){
	//        var newEntry = new Object();
	//        newEntry.name = columnName; // STRING [Primary Key]
	//        newEntry.description = undefined; // STRING
	//        propInfoTable.AddRow(newEntry);
	//    }   
	//}

	// CreateInfoTableFromDataShape
	//var basicpropInfoTable = Resources["InfoTableFunctions"].CreateInfoTableFromDataShape(params);

	//result =  ThingTemplates["ELGi.comp.ELGiMaster.TT"].QueryImplementingThingsWithNamedData({
	//maxItems: undefined /* NUMBER */,
	//nameMask: undefined /* STRING */,
	//propertyNames: propInfoTable,
	//basicPropertyNames: basicpropInfoTable,
	//query: undefined /* QUERY */,
	//tags: undefined /* TAGS */
	//});
	//
	var queryObjects = new Array();
	var filter;

//	if (machine !== undefined && machine !== null && machine.trim() !== '' && machine !== 'ALL') {
//		filter = {
//			"type": "EQ",
//			"fieldName": "machine_group",
//			"value": machine
//		};
//        queryObjects.push(filter);
//	}
//
	filter = {
		"type": "NotMissingValue",
		"fieldName": "CRMorCCS"
	};
	queryObjects.push(filter);

	filter = {
		"type": "NE",
		"fieldName": "Rated_pressure",
		"value": 0
	};
	queryObjects.push(filter);

	var query = {
		"filters": {
			"type": "And",
			"filters": queryObjects
		}
	};


	// result: INFOTABLE dataShape: "RootEntityList"
	var result = ThingTemplates["ELGi.comp.ELGiMaster.TT"].QueryImplementingThingsWithData({
		maxItems: undefined /* NUMBER */ ,
		nameMask: undefined /* STRING */ ,
		query: query /* QUERY */ ,
		tags: undefined /* TAGS */
	});
    
	logger.debug("Total Machine Count :: " + result.rows.length);

	//var tableLength = queryResult.rows.length;
	//for (var x=0; x < tableLength; x++) {
	//    var row = queryResult.rows[x];
	//    // ELGi.COMP.ThingDetailsWithData.DS entry object
	//    newEntry = new Object();
	//    newEntry.name = row.name; // STRING [Primary Key]
	//    newEntry.is_Machine_Connected = row.is_Machine_Connected; // BOOLEAN    
	//	result.AddRow(newEntry);
	//}


} catch (err) {
	logger.error("Error occured : " + err.message);
}

]]></code></Row></Rows></ConfigurationTable></ConfigurationTables></ServiceImplementation><ServiceImplementation description="" handlerName="Script" name="GetRegisteredDevices"><ConfigurationTables><ConfigurationTable description="" isMultiRow="false" name="Script" ordinal="0"><DataShape><FieldDefinitions><FieldDefinition baseType="STRING" description="code" name="code" ordinal="0"/></FieldDefinitions></DataShape><Rows><Row><code><![CDATA[var params = {
	infoTableName: "InfoTable",
	dataShapeName: "ELGi.COMP.RegisteredDevices.DS"
};
// CreateInfoTableFromDataShape(infoTableName:STRING("InfoTable"), dataShapeName:STRING):INFOTABLE(ELGi.COMP.RegisteredDevices.DS)
var infoTableData = Resources["InfoTableFunctions"].CreateInfoTableFromDataShape(params);



// result: INFOTABLE dataShape: "RootEntityList"
var thingsData = ThingTemplates["ELGi.comp.ELGiMaster.TT"].GetImplementingThingsWithData();
var tableLength = thingsData.rows.length;
for (var x = 0; x < tableLength; x++) {    
	var thingName = thingsData.rows[x].name;
    
    var obj = new Object();
	obj.ThingName = thingName;
	var shapesData = "";
	// result: INFOTABLE dataShape: "EntityList"
	var templateName = Things[thingName].GetThingTemplate();
	//obj.TemplateName = templateName.name;

	// result: INFOTABLE dataShape: "EntityList"
	var implementedShapesList = Things[thingName].GetLocallyImplementedShapes();

	var tableLength2 = implementedShapesList.rows.length;
	for (var y = 0; y < tableLength2; y++) {
		var shapesName = implementedShapesList.rows[y].name;

		var length = tableLength2 - 1;
		if (y === length) {
			shapesData = shapesData + shapesName;
		} else {
			shapesData = shapesData + shapesName + ",";
		}
		obj.Shapes = shapesData;
	}
	// , TemplateName , Shapes , Device_Time , Machine_Variant , Rated_Power , Rated_Pressure , Rated_CFM , Operating_Voltage ,
	// Operating_Frequency , TPL_No
	obj.Device_Time = Things[thingName].device_time;
	obj.Machine_Variant = Things[thingName].Machine_variant;
    obj.TemplateName = Things[thingName].machine_group;
	obj.Rated_Power = Things[thingName].Rated_Power;
	obj.Rated_Pressure = Things[thingName].Rated_pressure;
	obj.Rated_CFM = Things[thingName].Rated_CFM;
	obj.Operating_Voltage = Things[thingName].Operating_Voltage;
	obj.Operating_Frequency = Things[thingName].Operating_Frequency;
	obj.TPL_No = Things[thingName].TPL_No;
    obj.Dis_Pressure = Things[thingName].dis_pressure;
    obj.Dis_Temp = Things[thingName].dis_temperature;
    obj.Customer_Name = Things[thingName].customer_name;

	var confChanges = Things[thingName].GetConfigurationChangeHistory();
	confChanges.Filter({
		changeAction: "CREATE"
	});
	var creationDate = confChanges.rows[0].timestamp;
	obj.Created_On = creationDate;
	infoTableData.AddRow(obj);
}

var sort = new Object();
sort.name = 'Created_On';
sort.ascending = false;
infoTableData.Sort(sort);
var query = {
    "filters":{
        "type": "Between",
        "fieldName": "Created_On",
        "from": From,
        "to": End
    }	
};
// result: INFOTABLE
var result = Resources["InfoTableFunctions"].Query({
	t: infoTableData /* INFOTABLE */,
	query: query /* QUERY */
});
//var result = infoTableData;]]></code></Row></Rows></ConfigurationTable></ConfigurationTables></ServiceImplementation><ServiceImplementation description="" handlerName="Script" name="GetSetMachineName"><ConfigurationTables><ConfigurationTable description="" isMultiRow="false" name="Script" ordinal="0"><DataShape><FieldDefinitions><FieldDefinition baseType="STRING" description="code" name="code" ordinal="0"/></FieldDefinitions></DataShape><Rows><Row><code><![CDATA[var result = "";

var params = {
	infoTableName: "InfoTable",
	dataShapeName: "ELGI.COMP.MachineNameSetting.DS"
};

// CreateInfoTableFromDataShape(infoTableName:STRING("InfoTable"), dataShapeName:STRING):INFOTABLE(ELGI.COMP.MachineNameSetting.DS)
var infotableData = Resources["InfoTableFunctions"].CreateInfoTableFromDataShape(params);
var infoObj = new Object();
// result: INFOTABLE dataShape: "RootEntityList"
var thingsData = ThingTemplates["ELGi.comp.ELGiMaster.TT"].GetImplementingThingsWithData();
var id=1;
var tableLength = thingsData.rows.length;
for (var x = 0; x < tableLength; x++) {
	var thingName = thingsData.rows[x].name;
	var machineName = thingsData.rows[x].machine_name;

	infoObj.id = id;
	infoObj.ThingsName = thingName;
	infoObj.MachineName = machineName;

	infotableData.AddRow(infoObj);
	id++;
}
result = infotableData;]]></code></Row></Rows></ConfigurationTable></ConfigurationTables></ServiceImplementation><ServiceImplementation description="" handlerName="Script" name="GetThingsWithData"><ConfigurationTables><ConfigurationTable description="" isMultiRow="false" name="Script" ordinal="0"><DataShape><FieldDefinitions><FieldDefinition baseType="STRING" description="code" name="code" ordinal="0"/></FieldDefinitions></DataShape><Rows><Row><code><![CDATA[try {
	logger.info("GETTHINGSWITHDATA START");
	//	var params = {
	//		infoTableName: "InfoTable",
	//		dataShapeName: "ELGi.COMP.ThingDetailsWithData.DS"
	//	};
	//
	//	// CreateInfoTableFromDataShape(infoTableName:STRING("InfoTable"), dataShapeName:STRING):INFOTABLE(ELGi.COMP.ThingDetailsWithData.DS)
	//	var result1 = Resources["InfoTableFunctions"].CreateInfoTableFromDataShape(params);
	//logger.debug("Machine GROUP :: " + machine);
	//	var params2 = {
	//		infoTableName: "InfoTable",
	//		dataShapeName: "EntityList"
	//	};
	// CreateInfoTableFromDataShape
	//var propInfoTable = Resources["InfoTableFunctions"].CreateInfoTableFromDataShape(params2);

	// Will be used in TWX 8.5    
	// infotable datashape iteration
	//var dataShapeFields = result1.dataShape.fields;
	//for (var fieldName in dataShapeFields) {
	//    var columnName = dataShapeFields[fieldName].name;
	//    if(columnName !== 'name'){
	//        var newEntry = new Object();
	//        newEntry.name = columnName; // STRING [Primary Key]
	//        newEntry.description = undefined; // STRING
	//        propInfoTable.AddRow(newEntry);
	//    }   
	//}

	// CreateInfoTableFromDataShape
	//var basicpropInfoTable = Resources["InfoTableFunctions"].CreateInfoTableFromDataShape(params);

	//result =  ThingTemplates["ELGi.comp.ELGiMaster.TT"].QueryImplementingThingsWithNamedData({
	//maxItems: undefined /* NUMBER */,
	//nameMask: undefined /* STRING */,
	//propertyNames: propInfoTable,
	//basicPropertyNames: basicpropInfoTable,
	//query: undefined /* QUERY */,
	//tags: undefined /* TAGS */
	//});
	//
	var queryObjects = new Array();
	var filter;

	if (machine !== undefined && machine !== null && machine.trim() !== '' && machine !== 'ALL') {
		filter = {
			"type": "EQ",
			"fieldName": "machine_group",
			"value": machine
		};
		queryObjects.push(filter);
	}

	filter = {
		"type": "NotMissingValue",
		"fieldName": "CRMorCCS"
	};
	queryObjects.push(filter);

	filter = {
		"type": "NE",
		"fieldName": "Rated_pressure",
		"value": 0
	};
	queryObjects.push(filter);

	var query = {
		"filters": {
			"type": "And",
			"filters": queryObjects
		}
	};


	// result: INFOTABLE dataShape: "RootEntityList"
	var result = ThingTemplates["ELGi.comp.ELGiMaster.TT"].QueryImplementingThingsWithData({
		maxItems: undefined /* NUMBER */ ,
		nameMask: nameMask /* STRING */ ,
		query: query /* QUERY */ ,
		tags: undefined /* TAGS */
	});

	logger.debug("Total Machine Count :: " + result.rows.length);

	//var tableLength = queryResult.rows.length;
	//for (var x=0; x < tableLength; x++) {
	//    var row = queryResult.rows[x];
	//    // ELGi.COMP.ThingDetailsWithData.DS entry object
	//    newEntry = new Object();
	//    newEntry.name = row.name; // STRING [Primary Key]
	//    newEntry.is_Machine_Connected = row.is_Machine_Connected; // BOOLEAN    
	//	result.AddRow(newEntry);
	//}

//	me.SetThingsListInSession({
//		thingsList: result /* INFOTABLE */
//	});


} catch (err) {
	logger.error("Error occured : " + err.message);
}
logger.info("GETTHINGSWITHDATA END");]]></code></Row></Rows></ConfigurationTable></ConfigurationTables></ServiceImplementation><ServiceImplementation description="" handlerName="Script" name="GetThingsWithDataCopy"><ConfigurationTables><ConfigurationTable description="" isMultiRow="false" name="Script" ordinal="0"><DataShape><FieldDefinitions><FieldDefinition baseType="STRING" description="code" name="code" ordinal="0"/></FieldDefinitions></DataShape><Rows><Row><code><![CDATA[// --------------------------------------------------------------------------------------
// DESCRIPTION
// This service fetches the list of Things
//---------------------------------------------------------------------------------------
// Revision	Date        Who               What
// 1.0	2020-11-5  		Prasoon 		  Performance Improvement
// --------------------------------------------------------------------------------------

//********************* DEFINE YOUR SERVICE INPUTS/OUTPUT HERE **************************
/** @type {infotable} */
var result;
/** @type {string} */
var machine;
/** @type {string} */
var region;
/** @type {string} */
var nameMask;

//******************************* SERVICE CODE STARTS HERE *******************************
(function() {
	"use strict";
	// TODO: Write your service with try/catch
	try {
		logger.debug("GETTHINGSWITHDATA START");

		// CreateInfoTableFromDataShape(infoTableName:STRING("InfoTable"), dataShapeName:STRING):INFOTABLE(ELGi.COMP.ThingDetailsWithData.DS)
		result = Resources["InfoTableFunctions"].CreateInfoTableFromDataShape({
			infoTableName: "InfoTable",
			dataShapeName: "RootEntityList"
		});
        
        var dsTable = Resources["InfoTableFunctions"].CreateInfoTableFromDataShape({
			infoTableName: "InfoTable",
			dataShapeName: "ELGi.COMP.ThingDetailsWithData.DS"
		});

		// CreateInfoTableFromDataShape
		var propInfoTable = Resources["InfoTableFunctions"].CreateInfoTableFromDataShape({
			infoTableName: "InfoTable",
			dataShapeName: "EntityList"
		});
        
        // CreateInfoTableFromDataShape
		var basicpropInfoTable = Resources["InfoTableFunctions"].CreateInfoTableFromDataShape({
			infoTableName: "InfoTable",
			dataShapeName: "EntityList"
		});

		// Will be used in TWX 8.5    
        var columnName;
        var newEntry;
		// infotable datashape iteration
		var dataShapeFields = dsTable.dataShape.fields;
		for (var fieldName in dataShapeFields) {
			columnName = dataShapeFields[fieldName].name;
			if (columnName !== 'name') {
				newEntry = new Object();
				newEntry.name = columnName; // STRING [Primary Key]
				newEntry.description = undefined; // STRING
				propInfoTable.AddRow(newEntry);
			}
		}
        
        // EntityList entry object
        newEntry = new Object();
        newEntry.name = "name"; // STRING [Primary Key]
        newEntry.description = undefined; // STRING
        basicpropInfoTable.AddRow(newEntry);

		var queryObjects = new Array();
		var filter;

		if (machine !== undefined && machine !== null && machine.trim() !== '' && machine !== 'ALL') {
			filter = {
				"type": "EQ",
				"fieldName": "machine_group",
				"value": machine
			};
			queryObjects.push(filter);
		}

		filter = {
			"type": "NotMissingValue",
			"fieldName": "CRMorCCS"
		};
		queryObjects.push(filter);

		filter = {
			"type": "NE",
			"fieldName": "Rated_pressure",
			"value": 0
		};
		queryObjects.push(filter);

		var query = {
			"filters": {
				"type": "And",
				"filters": queryObjects
			}
		};

		result = ThingTemplates["ELGi.comp.ELGiMaster.TT"].QueryImplementingThingsWithNamedData({
			maxItems: undefined /* NUMBER */ ,
			nameMask: undefined /* STRING */ ,
			propertyNames: propInfoTable,
			basicPropertyNames: basicpropInfoTable,
			query: query /* QUERY */ ,
			tags: undefined /* TAGS */
		});
       

		// result: INFOTABLE dataShape: "RootEntityList"
		//	var result = ThingTemplates["ELGi.comp.ELGiMaster.TT"].QueryImplementingThingsWithData({
		//		maxItems: undefined /* NUMBER */ ,
		//		nameMask: undefined /* STRING */ ,
		//		query: query /* QUERY */ ,
		//		tags: undefined /* TAGS */
		//	});

		logger.debug("Total Machine Count :: " + result.rows.length);

		//var tableLength = queryResult.rows.length;
		//for (var x=0; x < tableLength; x++) {
		//    var row = queryResult.rows[x];
		//    // ELGi.COMP.ThingDetailsWithData.DS entry object
		//    newEntry = new Object();
		//    newEntry.name = row.name; // STRING [Primary Key]
		//    newEntry.is_Machine_Connected = row.is_Machine_Connected; // BOOLEAN    
		//	result.AddRow(newEntry);
		//}
	} catch (err) {
		logger.error("Error occured : " + err.message);
	}
	logger.debug("GETTHINGSWITHDATA END");
}());]]></code></Row></Rows></ConfigurationTable></ConfigurationTables></ServiceImplementation><ServiceImplementation description="" handlerName="Script" name="QueryDataTableForThingCreationOrUpdation"><ConfigurationTables><ConfigurationTable description="" isMultiRow="false" name="Script" ordinal="0"><DataShape><FieldDefinitions><FieldDefinition baseType="STRING" description="code" name="code" ordinal="0"/></FieldDefinitions></DataShape><Rows><Row><code><![CDATA[try {

	if ( machine_details_1 === 0 ) {
		throw new Error("Machine Details 1 cannot be ZERO. Thing cannot be created !!");
	}
	// Queries data table to get Template Name, Shapes List, Modbus Config and Tag Parser
	// Query Logic	
	var query = {
		"filters": {
			"type": "And",
			"filters": [{
					"type": "EQ",
					"fieldName": "machine_details_1",
					"value": machine_details_1
				},
				{
					"type": "EQ",
					"fieldName": "machine_details_2",
					"value": machine_details_2
				}
			]
		}
	};


	// result: INFOTABLE dataShape: ""
	var queryResult = Things["ELGI.COMP.CreateOrUpdateThingMappings.DT"].QueryDataTableEntries({
		maxItems: undefined /* NUMBER */ ,
		values: undefined /* INFOTABLE */ ,
		query: query /* QUERY */ ,
		source: undefined /* STRING */ ,
		tags: undefined /* TAGS */
	});
	if (queryResult === undefined || queryResult === null || queryResult.length === 0) {
		throw new Error("No data available for the provided input. Thing cannot be created !!");
	}
	var result = queryResult;

} catch (err) {
	throw err;
}]]></code></Row></Rows></ConfigurationTable></ConfigurationTables></ServiceImplementation><ServiceImplementation description="" handlerName="Script" name="SetLNProperties"><ConfigurationTables><ConfigurationTable description="" isMultiRow="false" name="Script" ordinal="0"><DataShape><FieldDefinitions><FieldDefinition baseType="STRING" description="code" name="code" ordinal="0"/></FieldDefinitions></DataShape><Rows><Row><code><![CDATA[//Sets the metadata properties coming from LN
try {
	Things[thingName].Rated_Power = Rated_Power;
	Things[thingName].Rated_pressure = Rated_Pressure;
	Things[thingName].Rated_CFM = Rated_CFM;
	Things[thingName].Operating_Voltage = Operating_Voltage;
	Things[thingName].Operating_Frequency = Operating_Frequency;
	Things[thingName].Machine_variant = Machine_variant;
	//Things[thingName].Manufacture_date = Manufacture_date;
	Things[thingName].TPL_No = TPL_No;
	result = true;
} catch (ex) {
	result = false;
    logger.error("Error setting LN Parameters for "+thingName);
}]]></code></Row></Rows></ConfigurationTable></ConfigurationTables></ServiceImplementation><ServiceImplementation description="" handlerName="Script" name="SetMachineNameThrough_EditTable_Service"><ConfigurationTables><ConfigurationTable description="" isMultiRow="false" name="Script" ordinal="0"><DataShape><FieldDefinitions><FieldDefinition baseType="STRING" description="code" name="code" ordinal="0"/></FieldDefinitions></DataShape><Rows><Row><code><![CDATA[//if (MappedVariables !== undefined && MappedVariables !== null && MappedVariables.rows.length > 0) {
//	var tableLength = MappedVariables.rows.length;
//	for (var x = 0; x < tableLength; x++) {
//		var row = MappedVariables.rows[x];

//me.EditableValue = UpdateTable;
if(UpdateTable !== undefined && UpdateTable !== null && UpdateTable.length > 0 ){

var tableLength = UpdateTable.rows.length;
for (var x = 0; x < tableLength; x++) {
	// var row = yourInfotableHere.rows[x];
	var thingName = UpdateTable.rows[x].ThingsName;
	var machineName = UpdateTable.rows[x].MachineName;
	Things[thingName].machine_name = machineName;
}
}
var result = UpdateTable;]]></code></Row></Rows></ConfigurationTable></ConfigurationTables></ServiceImplementation><ServiceImplementation description="" handlerName="Script" name="SetThingsListInSession"><ConfigurationTables><ConfigurationTable description="" isMultiRow="false" name="Script" ordinal="0"><DataShape><FieldDefinitions><FieldDefinition baseType="STRING" description="code" name="code" ordinal="0"/></FieldDefinitions></DataShape><Rows><Row><code><![CDATA[try {
    
    Resources["CurrentSessionInfo"].SetGlobalSessionInfoTableValue({
		name: "ThingsList" /* STRING */,
		value: thingsList /* INFOTABLE */
	});    	

} catch (err) {
	logger.error(me.name + " Set Session ThingsList : Unable to set session ThingsList Error: " + err);
}]]></code></Row></Rows></ConfigurationTable></ConfigurationTables></ServiceImplementation><ServiceImplementation description="" handlerName="Script" name="t4"><ConfigurationTables><ConfigurationTable description="" isMultiRow="false" name="Script" ordinal="0"><DataShape><FieldDefinitions><FieldDefinition baseType="STRING" description="code" name="code" ordinal="0"/></FieldDefinitions></DataShape><Rows><Row><code><![CDATA[table.rows.toArray.forEach();]]></code></Row></Rows></ConfigurationTable></ConfigurationTables></ServiceImplementation><ServiceImplementation description="" handlerName="Script" name="UpdateThing"><ConfigurationTables><ConfigurationTable description="" isMultiRow="false" name="Script" ordinal="0"><DataShape><FieldDefinitions><FieldDefinition baseType="STRING" description="code" name="code" ordinal="0"/></FieldDefinitions></DataShape><Rows><Row><code><![CDATA[var params = {
	infoTableName: "InfoTable",
	dataShapeName: "PropertyDefinition"
};

// CreateInfoTableFromDataShape(infoTableName:STRING("InfoTable"), dataShapeName:STRING):INFOTABLE(ELGi.COMP.ThingShapeList.DS)
var shape = Resources["InfoTableFunctions"].CreateInfoTableFromDataShape(params);
shape.AddRow({
	name: "ShapeList"
});

// This query will check input with real data and will get the data for to add shapes into thing
var query = {
	"filters": {
		"type": "And",
		"filters": [{
				"type": "EQ",
				"fieldName": "MachineGroup",
				"value": MachineGroup
			},
			{
				"type": "EQ",
				"fieldName": "MachineType",
				"value": MachineType
			},
			{
				"type": "EQ",
				"fieldName": "IsSumpAvailable",
				"value": IsSumpPressure
			},
			{
				"type": "EQ",
				"fieldName": "IsVfdOrNot",
				"value": IsVfdOrNot
			},
			{
				"type": "EQ",
				"fieldName": "NeuronType",
				"value": NeuronType
			}
		]
	}
};

// Below infotable in added query which finds the requred data and i added that query here 
// result: INFOTABLE dataShape: ""
var queryResult = Things["CreateThingDataTable.DT"].QueryDataTableEntries({
	maxItems: undefined /* NUMBER */ ,
	values: undefined /* INFOTABLE */ ,
	query: query /* QUERY */ ,
	source: undefined /* STRING */ ,
	tags: undefined /* TAGS */
});
// here i got template name and shapes list this shape list required to add into thing
var templateName = queryResult.ThingTemplateName;
var shape1 = queryResult.ShapeList;
if(shape1 !== null && shape1 !== undefined){
 //for loop to iterate shapes list and one by one shapes will get here
var tableLength1 = shape1.rows.length;
for (var y = 0; y < tableLength1; y++) {
	var thingShape = shape1.rows[y].ShapeName;

	//Above iteration through i got shape which shape i checked in thing isImplemented or not
	// result: BOOLEAN
	var checkShaperesult = Things[FabNumber].ImplementsShape({
		thingShapeName: thingShape /* THINGSHAPENAME */
	});

	// Here we check IsShapeImplemented or not if false then it goes inside the if loop
	if (checkShaperesult === false) {
		// && thingShape === checkShape thingShape !== "" && 

		//Enable Thing
		Things[FabNumber].EnableThing();

		//Restart Thing
		Things[FabNumber].RestartThing();
		
        try {
		//Here adding unimplemented shape into thing
		if (thingShape !== undefined && thingShape !== null && thingShape.length > 0) {
			var params7 = {
				name: FabNumber /* THINGNAME */ ,
				thingShapeName: thingShape /* THINGSHAPENAME */
			};
			// no return
			Resources["EntityServices"].AddShapeToThing(params7);
			//break;
		} //if closed
		} catch(err) {
			logger.info("Shape Added Successfully ");
		}
	
	} // check shape if closed
    
	//Here will show all implemented shapes after adding new shapes into Required Thing
	var data = Things[FabNumber].GetLocallyImplementedShapes();
	//var result = "Runnable";
}  }else {
var str = "provided Input not matches with input data Or Not Found Shapes";
    logger.warn("provided Input not matches with input data Or Not Found Shapes"+str);
}]]></code></Row></Rows></ConfigurationTable></ConfigurationTables></ServiceImplementation></ServiceImplementations><Subscriptions/></ThingShape><PropertyBindings/><RemotePropertyBindings/><RemoteServiceBindings/><RemoteEventBindings/><AlertConfigurations><AlertDefinitions name="EntityTag"/><AlertDefinitions name="LocalThingValueSream"/><AlertDefinitions name="ProjectName"/></AlertConfigurations><ImplementedShapes/><ThingProperties><ProjectName><Value><![CDATA[ELGi.comp.ELGiEcosystem.Project]]></Value><Timestamp>1970-01-01T00:00:00.000Z</Timestamp><Quality>UNKNOWN</Quality></ProjectName><EntityTag><Value><![CDATA[ELGi.comp.ELGiEcosystem.MTag:ELGiEcosystem]]></Value><Timestamp>2020-08-10T11:58:23.105Z</Timestamp><Quality>GOOD</Quality></EntityTag><LocalThingValueSream><Value><![CDATA[ELGi.COMP.ThingData.VS]]></Value><Timestamp>1970-01-01T00:00:00.000Z</Timestamp><Quality>UNKNOWN</Quality></LocalThingValueSream></ThingProperties><ConfigurationChanges><ConfigurationChange changeAction="CREATE" changeReason="" timestamp="2020-10-29T10:06:44.698Z" user="Prasoon Kumar"/><ConfigurationChange changeAction="MODIFY" changeReason="services : GetThingsWithData : service updated&#10;GetThingsWithDataCopy : service added&#10;" timestamp="2020-11-04T13:34:40.509Z" user="Prasoon Kumar"/><ConfigurationChange changeAction="MODIFY" changeReason="services : GetThingsWithDataCopy : service updated&#10;" timestamp="2020-11-04T13:42:03.072Z" user="Prasoon Kumar"/><ConfigurationChange changeAction="MODIFY" changeReason="services : GetThingsWithDataCopy : service updated&#10;" timestamp="2020-11-04T13:43:53.771Z" user="Prasoon Kumar"/><ConfigurationChange changeAction="MODIFY" changeReason="services : GetThingsWithDataCopy : service updated&#10;" timestamp="2020-11-04T13:44:47.220Z" user="Prasoon Kumar"/><ConfigurationChange changeAction="MODIFY" changeReason="services : GetThingsWithDataCopy : service updated&#10;" timestamp="2020-11-04T13:46:59.116Z" user="Prasoon Kumar"/><ConfigurationChange changeAction="MODIFY" changeReason="services : GetThingsWithDataCopy : service updated&#10;" timestamp="2020-11-04T13:50:52.121Z" user="Prasoon Kumar"/><ConfigurationChange changeAction="MODIFY" changeReason="services : GetThingsWithData : service updated&#10;" timestamp="2020-11-05T10:50:07.915Z" user="Prasoon Kumar"/><ConfigurationChange changeAction="MODIFY" changeReason="services : GetThingsWithData : service updated&#10;" timestamp="2020-11-05T11:08:47.230Z" user="Prasoon Kumar"/><ConfigurationChange changeAction="MODIFY" changeReason="services : GetThingsWithDataCopy : service updated&#10;" timestamp="2020-11-05T11:10:13.858Z" user="Prasoon Kumar"/><ConfigurationChange changeAction="MODIFY" changeReason="services : GetThingsWithDataCopy : service updated&#10;" timestamp="2020-11-05T11:12:16.057Z" user="Prasoon Kumar"/><ConfigurationChange changeAction="MODIFY" changeReason="services : GetThingsWithDataCopy : service updated&#10;" timestamp="2020-11-05T11:14:13.954Z" user="Prasoon Kumar"/><ConfigurationChange changeAction="MODIFY" changeReason="services : GetThingsWithDataCopy : service updated&#10;" timestamp="2020-11-05T11:14:21.386Z" user="Prasoon Kumar"/><ConfigurationChange changeAction="MODIFY" changeReason="services : GetThingsWithDataCopy : service updated&#10;" timestamp="2020-11-05T11:15:02.994Z" user="Prasoon Kumar"/><ConfigurationChange changeAction="MODIFY" changeReason="services : GetThingsWithDataCopy : output updated&#10;" timestamp="2020-11-05T11:17:11.915Z" user="Prasoon Kumar"/><ConfigurationChange changeAction="MODIFY" changeReason="services : GetThingsWithDataCopy : service updated&#10;" timestamp="2020-11-05T11:17:35.095Z" user="Prasoon Kumar"/><ConfigurationChange changeAction="MODIFY" changeReason="services : GetThingsWithDataCopy : service updated&#10;" timestamp="2020-11-05T11:47:30.505Z" user="Prasoon Kumar"/><ConfigurationChange changeAction="MODIFY" changeReason="services : GetThingsWithDataCopy : output updated&#10;" timestamp="2020-11-05T11:50:12.671Z" user="Prasoon Kumar"/><ConfigurationChange changeAction="MODIFY" changeReason="services : GetThingsWithDataCopy : output updated&#10;" timestamp="2020-11-05T11:53:14.620Z" user="Prasoon Kumar"/><ConfigurationChange changeAction="MODIFY" changeReason="services : GetThingsWithDataCopy : service updated&#10;" timestamp="2020-11-05T11:55:03.502Z" user="Prasoon Kumar"/><ConfigurationChange changeAction="MODIFY" changeReason="services : GetThingsWithDataCopy : service updated&#10;" timestamp="2020-11-05T11:58:22.977Z" user="Prasoon Kumar"/><ConfigurationChange changeAction="MODIFY" changeReason="services : GetThingsWithDataCopy : service updated&#10;" timestamp="2020-11-05T11:58:40.178Z" user="Prasoon Kumar"/><ConfigurationChange changeAction="MODIFY" changeReason="services : GetThingsWithDataCopy : service updated&#10;" timestamp="2020-11-05T11:59:52.374Z" user="Prasoon Kumar"/><ConfigurationChange changeAction="MODIFY" changeReason="services : GetThingsWithDataCopy : service updated&#10;" timestamp="2020-11-05T12:00:07.772Z" user="Prasoon Kumar"/><ConfigurationChange changeAction="MODIFY" changeReason="services : GetThingsWithDataCopy : service updated&#10;" timestamp="2020-11-05T12:01:59.312Z" user="Prasoon Kumar"/><ConfigurationChange changeAction="MODIFY" changeReason="services : GetThingsWithDataCopy : service updated&#10;" timestamp="2020-11-05T12:03:08.726Z" user="Prasoon Kumar"/><ConfigurationChange changeAction="MODIFY" changeReason="services : GetThingsWithDataCopy : service updated&#10;" timestamp="2020-11-05T12:03:46.204Z" user="Prasoon Kumar"/><ConfigurationChange changeAction="MODIFY" changeReason="services : GetThingsWithDataCopy : service updated&#10;" timestamp="2020-11-05T12:04:29.331Z" user="Prasoon Kumar"/><ConfigurationChange changeAction="MODIFY" changeReason="services : GetThingsWithDataCopy : service updated&#10;" timestamp="2020-11-05T12:05:38.821Z" user="Prasoon Kumar"/><ConfigurationChange changeAction="MODIFY" changeReason="services : GetThingsWithDataCopy : service updated&#10;" timestamp="2020-11-05T12:06:43.084Z" user="Prasoon Kumar"/><ConfigurationChange changeAction="MODIFY" changeReason="services : GetRegisteredDevices : input parameter From added, inputs updated, input parameter End added, inputs updated&#10;" timestamp="2020-11-11T12:52:00.625Z" user="dev01"/><ConfigurationChange changeAction="MODIFY" changeReason="services : GetRegisteredDevices : service updated&#10;" timestamp="2020-11-11T12:52:28.573Z" user="dev01"/><ConfigurationChange changeAction="MODIFY" changeReason="services : GetRegisteredDevices : input parameter From updated, inputs updated, input parameter End updated, inputs updated&#10;" timestamp="2020-11-11T12:52:48.660Z" user="dev01"/><ConfigurationChange changeAction="MODIFY" changeReason="services : GetRegisteredDevices : input parameter From updated, inputs updated&#10;" timestamp="2020-11-11T12:53:21.337Z" user="dev01"/><ConfigurationChange changeAction="FORCEEDIT" changeReason="ForceEdit" timestamp="2020-11-11T14:31:41.556Z" user="Babu Jayabalan"/><ConfigurationChange changeAction="MODIFY" changeReason="services : SetMachineNameThrough_EditTable_Service : service updated&#10;" timestamp="2020-11-12T05:48:23.527Z" user="Prasoon Kumar"/><ConfigurationChange changeAction="MODIFY" changeReason="services : GetThingsWithData : service updated&#10;" timestamp="2020-11-12T10:18:57.785Z" user="Prasoon Kumar"/><ConfigurationChange changeAction="FORCEEDIT" changeReason="ForceEdit" timestamp="2020-11-17T04:29:50.197Z" user="dev01"/><ConfigurationChange changeAction="FORCEEDIT" changeReason="ForceEdit" timestamp="2020-11-17T08:05:10.546Z" user="Prasoon Kumar"/><ConfigurationChange changeAction="FORCEEDIT" changeReason="ForceEdit" timestamp="2020-11-17T08:07:45.813Z" user="Prasoon Kumar"/><ConfigurationChange changeAction="MODIFY" changeReason="services : DecommissionDevice : service added&#10;" timestamp="2020-11-17T08:07:45.847Z" user="Prasoon Kumar"/><ConfigurationChange changeAction="MODIFY" changeReason="services : DecommissionDevice : input parameter remoteThingName added, inputs updated&#10;" timestamp="2020-11-17T08:08:41.039Z" user="Prasoon Kumar"/><ConfigurationChange changeAction="MODIFY" changeReason="services : DecommissionDevice : service updated&#10;" timestamp="2020-11-17T08:09:44.435Z" user="Prasoon Kumar"/><ConfigurationChange changeAction="MODIFY" changeReason="services : DecommissionDevice : service updated&#10;" timestamp="2020-11-17T08:12:54.265Z" user="Prasoon Kumar"/><ConfigurationChange changeAction="MODIFY" changeReason="services : DecommissionDevice : service updated&#10;" timestamp="2020-11-17T08:14:33.861Z" user="Prasoon Kumar"/><ConfigurationChange changeAction="MODIFY" changeReason="services : DecommissionDevice : service updated&#10;" timestamp="2020-11-17T08:56:55.110Z" user="Prasoon Kumar"/><ConfigurationChange changeAction="MODIFY" changeReason="services : DecommissionDevice : service updated&#10;" timestamp="2020-11-17T08:57:08.365Z" user="Prasoon Kumar"/><ConfigurationChange changeAction="MODIFY" changeReason="services : CreateThing : service updated&#10;" timestamp="2020-11-18T03:50:35.924Z" user="Prasoon Kumar"/><ConfigurationChange changeAction="MODIFY" changeReason="services : SetMachineNameThrough_EditTable_Service : service updated&#10;" timestamp="2020-11-18T07:08:20.293Z" user="dev01"/><ConfigurationChange changeAction="MODIFY" changeReason="services : SetMachineNameThrough_EditTable_Service : output updated&#10;" timestamp="2020-11-18T07:08:31.510Z" user="dev01"/><ConfigurationChange changeAction="FORCEEDIT" changeReason="ForceEdit" timestamp="2020-11-18T09:51:15.462Z" user="Prasoon Kumar"/><ConfigurationChange changeAction="MODIFY" changeReason="services : QueryDataTableForThingCreationOrUpdation : service updated&#10;" timestamp="2020-11-18T10:01:51.283Z" user="Prasoon Kumar"/><ConfigurationChange changeAction="MODIFY" changeReason="services : QueryDataTableForThingCreationOrUpdation : service updated&#10;" timestamp="2020-11-18T10:03:35.169Z" user="Prasoon Kumar"/><ConfigurationChange changeAction="MODIFY" changeReason="services : QueryDataTableForThingCreationOrUpdation : service updated&#10;" timestamp="2020-11-18T10:04:34.597Z" user="Prasoon Kumar"/><ConfigurationChange changeAction="MODIFY" changeReason="services : QueryDataTableForThingCreationOrUpdation : service updated&#10;" timestamp="2020-11-18T10:05:00.135Z" user="Prasoon Kumar"/><ConfigurationChange changeAction="MODIFY" changeReason="services : GetThingsWithData : service updated&#10;" timestamp="2020-11-24T04:21:19.288Z" user="Prasoon Kumar"/><ConfigurationChange changeAction="MODIFY" changeReason="services : SetThingsListInSession : service added&#10;" timestamp="2020-11-24T07:21:54.458Z" user="Prasoon Kumar"/><ConfigurationChange changeAction="MODIFY" changeReason="services : SetThingsListInSession : input parameter thingsList added, inputs updated&#10;" timestamp="2020-11-24T07:26:18.210Z" user="Prasoon Kumar"/><ConfigurationChange changeAction="MODIFY" changeReason="services : SetThingsListInSession : input parameter thingsList updated, inputs updated&#10;" timestamp="2020-11-24T07:26:48.999Z" user="Prasoon Kumar"/><ConfigurationChange changeAction="MODIFY" changeReason="services : GetThingsWithData : service updated&#10;" timestamp="2020-11-24T07:27:51.135Z" user="Prasoon Kumar"/><ConfigurationChange changeAction="MODIFY" changeReason="services : GetThingsWithData : service updated&#10;" timestamp="2020-11-24T07:28:40.336Z" user="Prasoon Kumar"/><ConfigurationChange changeAction="MODIFY" changeReason="services : GetThingsWithData : service updated&#10;" timestamp="2020-11-24T07:42:53.343Z" user="Prasoon Kumar"/><ConfigurationChange changeAction="MODIFY" changeReason="services : DecommissionDevice : input parameter type added, inputs updated&#10;" timestamp="2020-11-25T13:18:48.869Z" user="Prasoon Kumar"/><ConfigurationChange changeAction="MODIFY" changeReason="services : DecommissionDevice : service updated&#10;" timestamp="2020-11-25T13:21:27.146Z" user="Prasoon Kumar"/><ConfigurationChange changeAction="MODIFY" changeReason="services : DecommissionDevice : description updated&#10;" timestamp="2020-11-25T13:22:35.475Z" user="Prasoon Kumar"/></ConfigurationChanges></Thing></Things></Entities>